item,ibge
http://www.wikidata.org/entity/Q1761456,1100015
http://www.wikidata.org/entity/Q1646975,1100023
http://www.wikidata.org/entity/Q940433,1100031
http://www.wikidata.org/entity/Q1761637,1100049
http://www.wikidata.org/entity/Q1803210,1100056
http://www.wikidata.org/entity/Q1785819,1100064
http://www.wikidata.org/entity/Q927349,1100072
http://www.wikidata.org/entity/Q656758,1100080
http://www.wikidata.org/entity/Q616498,1100098
http://www.wikidata.org/entity/Q983810,1100106
http://www.wikidata.org/entity/Q988755,1100114
http://www.wikidata.org/entity/Q983815,1100122
http://www.wikidata.org/entity/Q1786440,1100130
http://www.wikidata.org/entity/Q2014329,1100148
http://www.wikidata.org/entity/Q1803223,1100155
http://www.wikidata.org/entity/Q1803175,1100189
http://www.wikidata.org/entity/Q172512,1100205
http://www.wikidata.org/entity/Q1871362,1100254
http://www.wikidata.org/entity/Q1786495,1100262
http://www.wikidata.org/entity/Q1784242,1100288
http://www.wikidata.org/entity/Q1802100,1100296
http://www.wikidata.org/entity/Q1749958,1100304
http://www.wikidata.org/entity/Q1807456,1100320
http://www.wikidata.org/entity/Q993507,1100338
http://www.wikidata.org/entity/Q1786028,1100346
http://www.wikidata.org/entity/Q1802050,1100379
http://www.wikidata.org/entity/Q607036,1100403
http://www.wikidata.org/entity/Q1921800,1100452
http://www.wikidata.org/entity/Q2013150,1100502
http://www.wikidata.org/entity/Q1750177,1100601
http://www.wikidata.org/entity/Q2089179,1100700
http://www.wikidata.org/entity/Q2078405,1100809
http://www.wikidata.org/entity/Q1785860,1100908
http://www.wikidata.org/entity/Q735454,1100924
http://www.wikidata.org/entity/Q1803135,1100940
http://www.wikidata.org/entity/Q964725,1101005
http://www.wikidata.org/entity/Q1802170,1101104
http://www.wikidata.org/entity/Q775204,1101203
http://www.wikidata.org/entity/Q2079711,1101302
http://www.wikidata.org/entity/Q2014320,1101401
http://www.wikidata.org/entity/Q2364475,1101435
http://www.wikidata.org/entity/Q1803114,1101450
http://www.wikidata.org/entity/Q1803105,1101468
http://www.wikidata.org/entity/Q1802123,1101476
http://www.wikidata.org/entity/Q1803269,1101484
http://www.wikidata.org/entity/Q1802095,1101492
http://www.wikidata.org/entity/Q727950,1101500
http://www.wikidata.org/entity/Q1802088,1101559
http://www.wikidata.org/entity/Q647208,1101609
http://www.wikidata.org/entity/Q2089326,1101708
http://www.wikidata.org/entity/Q1807445,1101757
http://www.wikidata.org/entity/Q2013187,1101807
http://www.wikidata.org/entity/Q953086,1200013
http://www.wikidata.org/entity/Q1754403,1200054
http://www.wikidata.org/entity/Q899406,1200104
http://www.wikidata.org/entity/Q1754408,1200138
http://www.wikidata.org/entity/Q1800737,1200179
http://www.wikidata.org/entity/Q941136,1200203
http://www.wikidata.org/entity/Q1755395,1200252
http://www.wikidata.org/entity/Q1994833,1200302
http://www.wikidata.org/entity/Q1800793,1200328
http://www.wikidata.org/entity/Q1772621,1200336
http://www.wikidata.org/entity/Q1772688,1200344
http://www.wikidata.org/entity/Q1772613,1200351
http://www.wikidata.org/entity/Q964075,1200385
http://www.wikidata.org/entity/Q1772588,1200393
http://www.wikidata.org/entity/Q171612,1200401
http://www.wikidata.org/entity/Q1800776,1200427
http://www.wikidata.org/entity/Q1772719,1200435
http://www.wikidata.org/entity/Q771763,1200450
http://www.wikidata.org/entity/Q1754389,1200500
http://www.wikidata.org/entity/Q979910,1200609
http://www.wikidata.org/entity/Q1012531,1200708
http://www.wikidata.org/entity/Q1772602,1200807
http://www.wikidata.org/entity/Q1808573,1300029
http://www.wikidata.org/entity/Q1772609,1300060
http://www.wikidata.org/entity/Q974915,1300086
http://www.wikidata.org/entity/Q931090,1300102
http://www.wikidata.org/entity/Q1112525,1300144
http://www.wikidata.org/entity/Q1793319,1300201
http://www.wikidata.org/entity/Q1772695,1300300
http://www.wikidata.org/entity/Q807939,1300409
http://www.wikidata.org/entity/Q1772565,1300508
http://www.wikidata.org/entity/Q1767926,1300607
http://www.wikidata.org/entity/Q584172,1300631
http://www.wikidata.org/entity/Q940548,1300680
http://www.wikidata.org/entity/Q1793334,1300706
http://www.wikidata.org/entity/Q2089660,1300805
http://www.wikidata.org/entity/Q945469,1300839
http://www.wikidata.org/entity/Q1807050,1300904
http://www.wikidata.org/entity/Q1794236,1301001
http://www.wikidata.org/entity/Q1751325,1301100
http://www.wikidata.org/entity/Q1807045,1301159
http://www.wikidata.org/entity/Q645204,1301209
http://www.wikidata.org/entity/Q1762074,1301308
http://www.wikidata.org/entity/Q1646910,1301407
http://www.wikidata.org/entity/Q1750090,1301506
http://www.wikidata.org/entity/Q1793768,1301605
http://www.wikidata.org/entity/Q1808440,1301654
http://www.wikidata.org/entity/Q1025760,1301704
http://www.wikidata.org/entity/Q1794374,1301803
http://www.wikidata.org/entity/Q1761947,1301852
http://www.wikidata.org/entity/Q1750426,1301902
http://www.wikidata.org/entity/Q1102558,1301951
http://www.wikidata.org/entity/Q1808448,1302009
http://www.wikidata.org/entity/Q1757955,1302108
http://www.wikidata.org/entity/Q1008285,1302207
http://www.wikidata.org/entity/Q684641,1302306
http://www.wikidata.org/entity/Q386631,1302405
http://www.wikidata.org/entity/Q983526,1302504
http://www.wikidata.org/entity/Q1807976,1302553
http://www.wikidata.org/entity/Q40236,1302603
http://www.wikidata.org/entity/Q43490,1302702
http://www.wikidata.org/entity/Q1763270,1302801
http://www.wikidata.org/entity/Q1808581,1302900
http://www.wikidata.org/entity/Q1793306,1303007
http://www.wikidata.org/entity/Q1772535,1303106
http://www.wikidata.org/entity/Q1750332,1303205
http://www.wikidata.org/entity/Q1793549,1303304
http://www.wikidata.org/entity/Q926713,1303403
http://www.wikidata.org/entity/Q1793494,1303502
http://www.wikidata.org/entity/Q655097,1303536
http://www.wikidata.org/entity/Q1793560,1303569
http://www.wikidata.org/entity/Q1754543,1303601
http://www.wikidata.org/entity/Q970224,1303700
http://www.wikidata.org/entity/Q694840,1303809
http://www.wikidata.org/entity/Q1794983,1303908
http://www.wikidata.org/entity/Q1793440,1303957
http://www.wikidata.org/entity/Q2089673,1304005
http://www.wikidata.org/entity/Q22060342,1304062
http://www.wikidata.org/entity/Q1794336,1304104
http://www.wikidata.org/entity/Q975545,1304203
http://www.wikidata.org/entity/Q1793355,1304237
http://www.wikidata.org/entity/Q517607,1304260
http://www.wikidata.org/entity/Q1816370,1304302
http://www.wikidata.org/entity/Q1793833,1304401
http://www.wikidata.org/entity/Q1646965,1400027
http://www.wikidata.org/entity/Q1763240,1400050
http://www.wikidata.org/entity/Q181056,1400100
http://www.wikidata.org/entity/Q1763254,1400159
http://www.wikidata.org/entity/Q1646914,1400175
http://www.wikidata.org/entity/Q772563,1400209
http://www.wikidata.org/entity/Q748315,1400233
http://www.wikidata.org/entity/Q1786374,1400282
http://www.wikidata.org/entity/Q1637423,1400308
http://www.wikidata.org/entity/Q1750038,1400407
http://www.wikidata.org/entity/Q1647045,1400456
http://www.wikidata.org/entity/Q1646932,1400472
http://www.wikidata.org/entity/Q1646960,1400506
http://www.wikidata.org/entity/Q1751337,1400605
http://www.wikidata.org/entity/Q1637434,1400704
http://www.wikidata.org/entity/Q1615298,1500107
http://www.wikidata.org/entity/Q942803,1500131
http://www.wikidata.org/entity/Q1804839,1500206
http://www.wikidata.org/entity/Q389536,1500305
http://www.wikidata.org/entity/Q1804899,1500347
http://www.wikidata.org/entity/Q2289869,1500404
http://www.wikidata.org/entity/Q22067014,1500503
http://www.wikidata.org/entity/Q434285,1500602
http://www.wikidata.org/entity/Q1804346,1500701
http://www.wikidata.org/entity/Q485887,1500800
http://www.wikidata.org/entity/Q486142,1500859
http://www.wikidata.org/entity/Q1804338,1500909
http://www.wikidata.org/entity/Q2008798,1500958
http://www.wikidata.org/entity/Q790342,1501006
http://www.wikidata.org/entity/Q1804902,1501105
http://www.wikidata.org/entity/Q804068,1501204
http://www.wikidata.org/entity/Q1804877,1501253
http://www.wikidata.org/entity/Q2009595,1501303
http://www.wikidata.org/entity/Q12829733,1501402
http://www.wikidata.org/entity/Q609824,1501451
http://www.wikidata.org/entity/Q1804361,1501501
http://www.wikidata.org/entity/Q2130429,1501576
http://www.wikidata.org/entity/Q2078868,1501600
http://www.wikidata.org/entity/Q320487,1501709
http://www.wikidata.org/entity/Q2008779,1501725
http://www.wikidata.org/entity/Q1975881,1501758
http://www.wikidata.org/entity/Q2008139,1501782
http://www.wikidata.org/entity/Q1804770,1501808
http://www.wikidata.org/entity/Q2009108,1501907
http://www.wikidata.org/entity/Q947745,1501956
http://www.wikidata.org/entity/Q1804813,1502004
http://www.wikidata.org/entity/Q1805206,1502103
http://www.wikidata.org/entity/Q2009474,1502152
http://www.wikidata.org/entity/Q1947031,1502202
http://www.wikidata.org/entity/Q955914,1502301
http://www.wikidata.org/entity/Q984581,1502400
http://www.wikidata.org/entity/Q1899080,1502509
http://www.wikidata.org/entity/Q2008619,1502608
http://www.wikidata.org/entity/Q1788037,1502707
http://www.wikidata.org/entity/Q2008125,1502756
http://www.wikidata.org/entity/Q2008271,1502764
http://www.wikidata.org/entity/Q2008449,1502772
http://www.wikidata.org/entity/Q2011907,1502806
http://www.wikidata.org/entity/Q2008226,1502855
http://www.wikidata.org/entity/Q1814514,1502905
http://www.wikidata.org/entity/Q2008541,1502939
http://www.wikidata.org/entity/Q2008261,1502954
http://www.wikidata.org/entity/Q2246005,1503002
http://www.wikidata.org/entity/Q2008493,1503044
http://www.wikidata.org/entity/Q2008750,1503077
http://www.wikidata.org/entity/Q2008317,1503093
http://www.wikidata.org/entity/Q2011913,1503101
http://www.wikidata.org/entity/Q2009058,1503200
http://www.wikidata.org/entity/Q651613,1503309
http://www.wikidata.org/entity/Q1880531,1503408
http://www.wikidata.org/entity/Q675175,1503457
http://www.wikidata.org/entity/Q2008410,1503507
http://www.wikidata.org/entity/Q655734,1503606
http://www.wikidata.org/entity/Q2008167,1503705
http://www.wikidata.org/entity/Q1805252,1503754
http://www.wikidata.org/entity/Q1967407,1503804
http://www.wikidata.org/entity/Q1008242,1503903
http://www.wikidata.org/entity/Q2008564,1504000
http://www.wikidata.org/entity/Q2008401,1504059
http://www.wikidata.org/entity/Q2008546,1504109
http://www.wikidata.org/entity/Q509818,1504208
http://www.wikidata.org/entity/Q2089279,1504307
http://www.wikidata.org/entity/Q1990477,1504406
http://www.wikidata.org/entity/Q1805166,1504422
http://www.wikidata.org/entity/Q2009048,1504455
http://www.wikidata.org/entity/Q2011923,1504505
http://www.wikidata.org/entity/Q2008596,1504604
http://www.wikidata.org/entity/Q2008213,1504703
http://www.wikidata.org/entity/Q22074332,1504752
http://www.wikidata.org/entity/Q2289897,1504802
http://www.wikidata.org/entity/Q1804369,1504901
http://www.wikidata.org/entity/Q1121422,1504950
http://www.wikidata.org/entity/Q728098,1504976
http://www.wikidata.org/entity/Q2009430,1505007
http://www.wikidata.org/entity/Q1787759,1505031
http://www.wikidata.org/entity/Q769811,1505064
http://www.wikidata.org/entity/Q577167,1505106
http://www.wikidata.org/entity/Q2008580,1505205
http://www.wikidata.org/entity/Q2011919,1505304
http://www.wikidata.org/entity/Q1829502,1505403
http://www.wikidata.org/entity/Q2008237,1505437
http://www.wikidata.org/entity/Q592117,1505486
http://www.wikidata.org/entity/Q2009230,1505494
http://www.wikidata.org/entity/Q935005,1505502
http://www.wikidata.org/entity/Q1806100,1505536
http://www.wikidata.org/entity/Q2008624,1505551
http://www.wikidata.org/entity/Q2009222,1505601
http://www.wikidata.org/entity/Q2008277,1505635
http://www.wikidata.org/entity/Q602405,1505650
http://www.wikidata.org/entity/Q1804377,1505700
http://www.wikidata.org/entity/Q2089210,1505809
http://www.wikidata.org/entity/Q2011894,1505908
http://www.wikidata.org/entity/Q2009663,1506005
http://www.wikidata.org/entity/Q2329733,1506104
http://www.wikidata.org/entity/Q2008521,1506112
http://www.wikidata.org/entity/Q2381693,1506138
http://www.wikidata.org/entity/Q2008301,1506161
http://www.wikidata.org/entity/Q2008429,1506187
http://www.wikidata.org/entity/Q2009519,1506195
http://www.wikidata.org/entity/Q1008198,1506203
http://www.wikidata.org/entity/Q1921992,1506302
http://www.wikidata.org/entity/Q2009202,1506351
http://www.wikidata.org/entity/Q640618,1506401
http://www.wikidata.org/entity/Q2008554,1506500
http://www.wikidata.org/entity/Q2008573,1506559
http://www.wikidata.org/entity/Q2009212,1506583
http://www.wikidata.org/entity/Q1901157,1506609
http://www.wikidata.org/entity/Q2008589,1506708
http://www.wikidata.org/entity/Q659450,1506807
http://www.wikidata.org/entity/Q1811192,1506906
http://www.wikidata.org/entity/Q2009548,1507003
http://www.wikidata.org/entity/Q632789,1507102
http://www.wikidata.org/entity/Q1841455,1507151
http://www.wikidata.org/entity/Q955985,1507201
http://www.wikidata.org/entity/Q1807317,1507300
http://www.wikidata.org/entity/Q2008769,1507409
http://www.wikidata.org/entity/Q2008501,1507458
http://www.wikidata.org/entity/Q2008293,1507466
http://www.wikidata.org/entity/Q2008440,1507474
http://www.wikidata.org/entity/Q2008417,1507508
http://www.wikidata.org/entity/Q2008532,1507607
http://www.wikidata.org/entity/Q1868533,1507706
http://www.wikidata.org/entity/Q2289887,1507755
http://www.wikidata.org/entity/Q609027,1507805
http://www.wikidata.org/entity/Q1016643,1507904
http://www.wikidata.org/entity/Q2289846,1507953
http://www.wikidata.org/entity/Q2289951,1507961
http://www.wikidata.org/entity/Q2003795,1507979
http://www.wikidata.org/entity/Q1805230,1508001
http://www.wikidata.org/entity/Q2008789,1508035
http://www.wikidata.org/entity/Q2009409,1508050
http://www.wikidata.org/entity/Q22060188,1508084
http://www.wikidata.org/entity/Q374432,1508100
http://www.wikidata.org/entity/Q2008337,1508126
http://www.wikidata.org/entity/Q2009083,1508159
http://www.wikidata.org/entity/Q1804913,1508209
http://www.wikidata.org/entity/Q772569,1508308
http://www.wikidata.org/entity/Q2008512,1508357
http://www.wikidata.org/entity/Q2008249,1508407
http://www.wikidata.org/entity/Q1754413,1600055
http://www.wikidata.org/entity/Q586263,1600105
http://www.wikidata.org/entity/Q1772647,1600154
http://www.wikidata.org/entity/Q1754431,1600204
http://www.wikidata.org/entity/Q1754422,1600212
http://www.wikidata.org/entity/Q1647054,1600238
http://www.wikidata.org/entity/Q368933,1600253
http://www.wikidata.org/entity/Q1117969,1600279
http://www.wikidata.org/entity/Q180215,1600303
http://www.wikidata.org/entity/Q1800704,1600402
http://www.wikidata.org/entity/Q906717,1600501
http://www.wikidata.org/entity/Q1772692,1600535
http://www.wikidata.org/entity/Q1772625,1600550
http://www.wikidata.org/entity/Q1994845,1600600
http://www.wikidata.org/entity/Q1800762,1600709
http://www.wikidata.org/entity/Q1772675,1600808
http://www.wikidata.org/entity/Q1784836,1700251
http://www.wikidata.org/entity/Q1802133,1700301
http://www.wikidata.org/entity/Q1802116,1700350
http://www.wikidata.org/entity/Q22060165,1700400
http://www.wikidata.org/entity/Q22060164,1700707
http://www.wikidata.org/entity/Q1948373,1701002
http://www.wikidata.org/entity/Q2011594,1701051
http://www.wikidata.org/entity/Q1802077,1701101
http://www.wikidata.org/entity/Q1801778,1701309
http://www.wikidata.org/entity/Q1801734,1701903
http://www.wikidata.org/entity/Q593716,1702000
http://www.wikidata.org/entity/Q625279,1702109
http://www.wikidata.org/entity/Q957649,1702158
http://www.wikidata.org/entity/Q1783966,1702208
http://www.wikidata.org/entity/Q609102,1702307
http://www.wikidata.org/entity/Q1801696,1702406
http://www.wikidata.org/entity/Q1801708,1702554
http://www.wikidata.org/entity/Q1801726,1702703
http://www.wikidata.org/entity/Q1801670,1702901
http://www.wikidata.org/entity/Q1801746,1703008
http://www.wikidata.org/entity/Q2011614,1703057
http://www.wikidata.org/entity/Q512635,1703073
http://www.wikidata.org/entity/Q1801737,1703107
http://www.wikidata.org/entity/Q2011573,1703206
http://www.wikidata.org/entity/Q599288,1703305
http://www.wikidata.org/entity/Q1801749,1703602
http://www.wikidata.org/entity/Q1801741,1703701
http://www.wikidata.org/entity/Q1801703,1703800
http://www.wikidata.org/entity/Q2289907,1703826
http://www.wikidata.org/entity/Q1801753,1703842
http://www.wikidata.org/entity/Q1801690,1703867
http://www.wikidata.org/entity/Q1801654,1703883
http://www.wikidata.org/entity/Q1801716,1703891
http://www.wikidata.org/entity/Q1801760,1703909
http://www.wikidata.org/entity/Q2116769,1704105
http://www.wikidata.org/entity/Q773264,1704600
http://www.wikidata.org/entity/Q1801647,1705102
http://www.wikidata.org/entity/Q1801758,1705508
http://www.wikidata.org/entity/Q746335,1705557
http://www.wikidata.org/entity/Q1801713,1705607
http://www.wikidata.org/entity/Q672837,1706001
http://www.wikidata.org/entity/Q1798698,1706100
http://www.wikidata.org/entity/Q1801175,1706258
http://www.wikidata.org/entity/Q1801100,1706506
http://www.wikidata.org/entity/Q1801150,1707009
http://www.wikidata.org/entity/Q649398,1707108
http://www.wikidata.org/entity/Q967767,1707207
http://www.wikidata.org/entity/Q1800970,1707306
http://www.wikidata.org/entity/Q977277,1707405
http://www.wikidata.org/entity/Q2196935,1707553
http://www.wikidata.org/entity/Q1801233,1707652
http://www.wikidata.org/entity/Q690299,1707702
http://www.wikidata.org/entity/Q1801246,1708205
http://www.wikidata.org/entity/Q1801070,1708254
http://www.wikidata.org/entity/Q1801208,1708304
http://www.wikidata.org/entity/Q1801197,1709005
http://www.wikidata.org/entity/Q1801179,1709302
http://www.wikidata.org/entity/Q1784265,1709500
http://www.wikidata.org/entity/Q946408,1709807
http://www.wikidata.org/entity/Q535056,1710508
http://www.wikidata.org/entity/Q1801108,1710706
http://www.wikidata.org/entity/Q1800939,1710904
http://www.wikidata.org/entity/Q770338,1711100
http://www.wikidata.org/entity/Q1801212,1711506
http://www.wikidata.org/entity/Q374444,1711803
http://www.wikidata.org/entity/Q1801577,1711902
http://www.wikidata.org/entity/Q1801591,1711951
http://www.wikidata.org/entity/Q2085548,1712009
http://www.wikidata.org/entity/Q1801192,1712157
http://www.wikidata.org/entity/Q1786619,1712405
http://www.wikidata.org/entity/Q1801642,1712454
http://www.wikidata.org/entity/Q1801628,1712504
http://www.wikidata.org/entity/Q1801064,1712702
http://www.wikidata.org/entity/Q1801042,1712801
http://www.wikidata.org/entity/Q993530,1713205
http://www.wikidata.org/entity/Q1800924,1713304
http://www.wikidata.org/entity/Q1801517,1713601
http://www.wikidata.org/entity/Q2011582,1713700
http://www.wikidata.org/entity/Q1801156,1713809
http://www.wikidata.org/entity/Q1801142,1713957
http://www.wikidata.org/entity/Q1801567,1714203
http://www.wikidata.org/entity/Q2289927,1714302
http://www.wikidata.org/entity/Q2079727,1714880
http://www.wikidata.org/entity/Q1801604,1715002
http://www.wikidata.org/entity/Q1801572,1715101
http://www.wikidata.org/entity/Q1801587,1715150
http://www.wikidata.org/entity/Q1801252,1715259
http://www.wikidata.org/entity/Q1801609,1715507
http://www.wikidata.org/entity/Q523587,1715705
http://www.wikidata.org/entity/Q1801038,1715754
http://www.wikidata.org/entity/Q978148,1716109
http://www.wikidata.org/entity/Q1801570,1716208
http://www.wikidata.org/entity/Q2085357,1716307
http://www.wikidata.org/entity/Q1801535,1716505
http://www.wikidata.org/entity/Q654261,1716604
http://www.wikidata.org/entity/Q1801219,1716653
http://www.wikidata.org/entity/Q1801662,1716703
http://www.wikidata.org/entity/Q1800896,1717008
http://www.wikidata.org/entity/Q962028,1717206
http://www.wikidata.org/entity/Q1800961,1717503
http://www.wikidata.org/entity/Q1800881,1717800
http://www.wikidata.org/entity/Q1801637,1717909
http://www.wikidata.org/entity/Q677566,1718006
http://www.wikidata.org/entity/Q1784315,1718204
http://www.wikidata.org/entity/Q1801132,1718303
http://www.wikidata.org/entity/Q2085534,1718402
http://www.wikidata.org/entity/Q1801581,1718451
http://www.wikidata.org/entity/Q1801075,1718501
http://www.wikidata.org/entity/Q2197944,1718550
http://www.wikidata.org/entity/Q1801085,1718659
http://www.wikidata.org/entity/Q580856,1718709
http://www.wikidata.org/entity/Q1801199,1718758
http://www.wikidata.org/entity/Q1801137,1718808
http://www.wikidata.org/entity/Q1801094,1718840
http://www.wikidata.org/entity/Q991120,1718865
http://www.wikidata.org/entity/Q522587,1718881
http://www.wikidata.org/entity/Q1801241,1718899
http://www.wikidata.org/entity/Q1801204,1718907
http://www.wikidata.org/entity/Q1801050,1719004
http://www.wikidata.org/entity/Q929170,1720002
http://www.wikidata.org/entity/Q1801161,1720101
http://www.wikidata.org/entity/Q1801186,1720150
http://www.wikidata.org/entity/Q1800932,1720200
http://www.wikidata.org/entity/Q1800952,1720259
http://www.wikidata.org/entity/Q1801056,1720309
http://www.wikidata.org/entity/Q1801542,1720499
http://www.wikidata.org/entity/Q1801168,1720655
http://www.wikidata.org/entity/Q1801080,1720804
http://www.wikidata.org/entity/Q2011603,1720853
http://www.wikidata.org/entity/Q22060005,1720903
http://www.wikidata.org/entity/Q1800947,1720937
http://www.wikidata.org/entity/Q1801633,1720978
http://www.wikidata.org/entity/Q178993,1721000
http://www.wikidata.org/entity/Q1801598,1721109
http://www.wikidata.org/entity/Q587927,1721208
http://www.wikidata.org/entity/Q1801526,1721257
http://www.wikidata.org/entity/Q1801621,1721307
http://www.wikidata.org/entity/Q1798710,1722081
http://www.wikidata.org/entity/Q635920,1722107
http://www.wikidata.org/entity/Q1763534,2100055
http://www.wikidata.org/entity/Q532160,2100105
http://www.wikidata.org/entity/Q2013406,2100154
http://www.wikidata.org/entity/Q939522,2100204
http://www.wikidata.org/entity/Q2013348,2100303
http://www.wikidata.org/entity/Q2013259,2100402
http://www.wikidata.org/entity/Q373783,2100436
http://www.wikidata.org/entity/Q2028638,2100477
http://www.wikidata.org/entity/Q1812998,2100501
http://www.wikidata.org/entity/Q2013296,2100550
http://www.wikidata.org/entity/Q947834,2100600
http://www.wikidata.org/entity/Q2013314,2100709
http://www.wikidata.org/entity/Q2013366,2100808
http://www.wikidata.org/entity/Q2013356,2100832
http://www.wikidata.org/entity/Q2209464,2100873
http://www.wikidata.org/entity/Q2041199,2100907
http://www.wikidata.org/entity/Q2036277,2100956
http://www.wikidata.org/entity/Q1813008,2101004
http://www.wikidata.org/entity/Q630926,2101103
http://www.wikidata.org/entity/Q1807313,2101202
http://www.wikidata.org/entity/Q2068936,2101251
http://www.wikidata.org/entity/Q2089681,2101301
http://www.wikidata.org/entity/Q640733,2101350
http://www.wikidata.org/entity/Q1813001,2101400
http://www.wikidata.org/entity/Q591015,2101509
http://www.wikidata.org/entity/Q1807301,2101608
http://www.wikidata.org/entity/Q2040600,2101707
http://www.wikidata.org/entity/Q2013308,2101731
http://www.wikidata.org/entity/Q2013283,2101772
http://www.wikidata.org/entity/Q2068847,2101806
http://www.wikidata.org/entity/Q2068952,2101905
http://www.wikidata.org/entity/Q2008013,2101939
http://www.wikidata.org/entity/Q2068253,2101970
http://www.wikidata.org/entity/Q2279959,2102002
http://www.wikidata.org/entity/Q2068303,2102036
http://www.wikidata.org/entity/Q2068928,2102077
http://www.wikidata.org/entity/Q659888,2102101
http://www.wikidata.org/entity/Q2068871,2102150
http://www.wikidata.org/entity/Q2135872,2102200
http://www.wikidata.org/entity/Q2013234,2102309
http://www.wikidata.org/entity/Q2013248,2102325
http://www.wikidata.org/entity/Q2013324,2102358
http://www.wikidata.org/entity/Q2013274,2102374
http://www.wikidata.org/entity/Q934637,2102408
http://www.wikidata.org/entity/Q510992,2102507
http://www.wikidata.org/entity/Q1122744,2102556
http://www.wikidata.org/entity/Q2068838,2102606
http://www.wikidata.org/entity/Q2103724,2102705
http://www.wikidata.org/entity/Q2068268,2102754
http://www.wikidata.org/entity/Q651807,2102804
http://www.wikidata.org/entity/Q2016480,2102903
http://www.wikidata.org/entity/Q997107,2103000
http://www.wikidata.org/entity/Q2095187,2103109
http://www.wikidata.org/entity/Q2068312,2103125
http://www.wikidata.org/entity/Q2068246,2103158
http://www.wikidata.org/entity/Q2013267,2103174
http://www.wikidata.org/entity/Q746060,2103208
http://www.wikidata.org/entity/Q924546,2103257
http://www.wikidata.org/entity/Q2013225,2103307
http://www.wikidata.org/entity/Q2019296,2103406
http://www.wikidata.org/entity/Q369679,2103505
http://www.wikidata.org/entity/Q2012506,2103554
http://www.wikidata.org/entity/Q967552,2103604
http://www.wikidata.org/entity/Q1886395,2103703
http://www.wikidata.org/entity/Q2105097,2103752
http://www.wikidata.org/entity/Q1823871,2103802
http://www.wikidata.org/entity/Q646515,2103901
http://www.wikidata.org/entity/Q2013171,2104008
http://www.wikidata.org/entity/Q2068863,2104057
http://www.wikidata.org/entity/Q2068274,2104073
http://www.wikidata.org/entity/Q2068889,2104081
http://www.wikidata.org/entity/Q2068944,2104099
http://www.wikidata.org/entity/Q2068880,2104107
http://www.wikidata.org/entity/Q2034097,2104206
http://www.wikidata.org/entity/Q939995,2104305
http://www.wikidata.org/entity/Q14629944,2104404
http://www.wikidata.org/entity/Q2012522,2104503
http://www.wikidata.org/entity/Q2012559,2104552
http://www.wikidata.org/entity/Q2068814,2104602
http://www.wikidata.org/entity/Q432254,2104628
http://www.wikidata.org/entity/Q2068907,2104651
http://www.wikidata.org/entity/Q2068296,2104677
http://www.wikidata.org/entity/Q2082297,2104701
http://www.wikidata.org/entity/Q2043418,2104800
http://www.wikidata.org/entity/Q2101408,2104909
http://www.wikidata.org/entity/Q1814500,2105005
http://www.wikidata.org/entity/Q2068290,2105104
http://www.wikidata.org/entity/Q1832376,2105153
http://www.wikidata.org/entity/Q2068280,2105203
http://www.wikidata.org/entity/Q504755,2105302
http://www.wikidata.org/entity/Q2068260,2105351
http://www.wikidata.org/entity/Q2012733,2105401
http://www.wikidata.org/entity/Q2012566,2105427
http://www.wikidata.org/entity/Q2103541,2105450
http://www.wikidata.org/entity/Q781692,2105476
http://www.wikidata.org/entity/Q1875142,2105500
http://www.wikidata.org/entity/Q2068225,2105609
http://www.wikidata.org/entity/Q2068232,2105658
http://www.wikidata.org/entity/Q1008300,2105708
http://www.wikidata.org/entity/Q927111,2105807
http://www.wikidata.org/entity/Q2105837,2105906
http://www.wikidata.org/entity/Q2012976,2105922
http://www.wikidata.org/entity/Q305180,2105948
http://www.wikidata.org/entity/Q2012551,2105963
http://www.wikidata.org/entity/Q930035,2105989
http://www.wikidata.org/entity/Q2068220,2106003
http://www.wikidata.org/entity/Q2103736,2106102
http://www.wikidata.org/entity/Q2068240,2106201
http://www.wikidata.org/entity/Q2012532,2106300
http://www.wikidata.org/entity/Q2064676,2106326
http://www.wikidata.org/entity/Q743349,2106359
http://www.wikidata.org/entity/Q1846576,2106375
http://www.wikidata.org/entity/Q2012544,2106409
http://www.wikidata.org/entity/Q1116758,2106508
http://www.wikidata.org/entity/Q2012513,2106607
http://www.wikidata.org/entity/Q2013059,2106631
http://www.wikidata.org/entity/Q2013332,2106672
http://www.wikidata.org/entity/Q2089741,2106706
http://www.wikidata.org/entity/Q2066162,2106755
http://www.wikidata.org/entity/Q2066198,2106805
http://www.wikidata.org/entity/Q2103583,2106904
http://www.wikidata.org/entity/Q2012463,2107001
http://www.wikidata.org/entity/Q301700,2107100
http://www.wikidata.org/entity/Q2020346,2107209
http://www.wikidata.org/entity/Q2066151,2107258
http://www.wikidata.org/entity/Q568168,2107308
http://www.wikidata.org/entity/Q924503,2107357
http://www.wikidata.org/entity/Q2066100,2107407
http://www.wikidata.org/entity/Q2065084,2107456
http://www.wikidata.org/entity/Q628172,2107506
http://www.wikidata.org/entity/Q2064709,2107605
http://www.wikidata.org/entity/Q2261140,2107704
http://www.wikidata.org/entity/Q2013043,2107803
http://www.wikidata.org/entity/Q2043365,2107902
http://www.wikidata.org/entity/Q2066090,2108009
http://www.wikidata.org/entity/Q1876128,2108058
http://www.wikidata.org/entity/Q2064653,2108108
http://www.wikidata.org/entity/Q1957216,2108207
http://www.wikidata.org/entity/Q661607,2108256
http://www.wikidata.org/entity/Q2066111,2108306
http://www.wikidata.org/entity/Q2066022,2108405
http://www.wikidata.org/entity/Q1941672,2108454
http://www.wikidata.org/entity/Q2065093,2108504
http://www.wikidata.org/entity/Q1796449,2108603
http://www.wikidata.org/entity/Q1833985,2108702
http://www.wikidata.org/entity/Q2089300,2108801
http://www.wikidata.org/entity/Q2104834,2108900
http://www.wikidata.org/entity/Q2082418,2109007
http://www.wikidata.org/entity/Q2066074,2109056
http://www.wikidata.org/entity/Q637452,2109106
http://www.wikidata.org/entity/Q2104269,2109205
http://www.wikidata.org/entity/Q2089748,2109239
http://www.wikidata.org/entity/Q2013023,2109270
http://www.wikidata.org/entity/Q2003321,2109304
http://www.wikidata.org/entity/Q960537,2109403
http://www.wikidata.org/entity/Q2065202,2109452
http://www.wikidata.org/entity/Q685271,2109502
http://www.wikidata.org/entity/Q2012967,2109551
http://www.wikidata.org/entity/Q2106358,2109601
http://www.wikidata.org/entity/Q2064949,2109700
http://www.wikidata.org/entity/Q2065314,2109759
http://www.wikidata.org/entity/Q2103762,2109809
http://www.wikidata.org/entity/Q2469099,2109908
http://www.wikidata.org/entity/Q1977528,2110005
http://www.wikidata.org/entity/Q2064642,2110039
http://www.wikidata.org/entity/Q2013052,2110104
http://www.wikidata.org/entity/Q1915115,2110203
http://www.wikidata.org/entity/Q2012500,2110237
http://www.wikidata.org/entity/Q665255,2110278
http://www.wikidata.org/entity/Q2066051,2110302
http://www.wikidata.org/entity/Q1806571,2110401
http://www.wikidata.org/entity/Q2104116,2110500
http://www.wikidata.org/entity/Q2065297,2110609
http://www.wikidata.org/entity/Q1977781,2110658
http://www.wikidata.org/entity/Q2036695,2110708
http://www.wikidata.org/entity/Q2065066,2110807
http://www.wikidata.org/entity/Q2012495,2110856
http://www.wikidata.org/entity/Q2065076,2110906
http://www.wikidata.org/entity/Q1919029,2111003
http://www.wikidata.org/entity/Q742676,2111029
http://www.wikidata.org/entity/Q2105216,2111052
http://www.wikidata.org/entity/Q1966884,2111078
http://www.wikidata.org/entity/Q2064621,2111102
http://www.wikidata.org/entity/Q1006367,2111201
http://www.wikidata.org/entity/Q1907710,2111250
http://www.wikidata.org/entity/Q28441,2111300
http://www.wikidata.org/entity/Q2066188,2111409
http://www.wikidata.org/entity/Q2065276,2111508
http://www.wikidata.org/entity/Q2065266,2111532
http://www.wikidata.org/entity/Q693685,2111573
http://www.wikidata.org/entity/Q2065231,2111607
http://www.wikidata.org/entity/Q1947813,2111631
http://www.wikidata.org/entity/Q744797,2111672
http://www.wikidata.org/entity/Q2095193,2111706
http://www.wikidata.org/entity/Q2064663,2111722
http://www.wikidata.org/entity/Q1904786,2111748
http://www.wikidata.org/entity/Q1967899,2111763
http://www.wikidata.org/entity/Q1909011,2111789
http://www.wikidata.org/entity/Q2099666,2111805
http://www.wikidata.org/entity/Q1873577,2111904
http://www.wikidata.org/entity/Q2065244,2111953
http://www.wikidata.org/entity/Q2307499,2112001
http://www.wikidata.org/entity/Q1008188,2112100
http://www.wikidata.org/entity/Q1017101,2112209
http://www.wikidata.org/entity/Q2065285,2112233
http://www.wikidata.org/entity/Q2066033,2112274
http://www.wikidata.org/entity/Q1957192,2112308
http://www.wikidata.org/entity/Q634717,2112407
http://www.wikidata.org/entity/Q2064492,2112456
http://www.wikidata.org/entity/Q2012483,2112506
http://www.wikidata.org/entity/Q2064632,2112605
http://www.wikidata.org/entity/Q1019640,2112704
http://www.wikidata.org/entity/Q2106072,2112803
http://www.wikidata.org/entity/Q2065169,2112852
http://www.wikidata.org/entity/Q2065110,2112902
http://www.wikidata.org/entity/Q1120902,2113009
http://www.wikidata.org/entity/Q1806488,2114007
http://www.wikidata.org/entity/Q2066143,2200053
http://www.wikidata.org/entity/Q1936312,2200103
http://www.wikidata.org/entity/Q578114,2200202
http://www.wikidata.org/entity/Q2064226,2200251
http://www.wikidata.org/entity/Q633346,2200277
http://www.wikidata.org/entity/Q636564,2200301
http://www.wikidata.org/entity/Q22060469,2200400
http://www.wikidata.org/entity/Q1940535,2200459
http://www.wikidata.org/entity/Q22059801,2200509
http://www.wikidata.org/entity/Q1892127,2200608
http://www.wikidata.org/entity/Q1938748,2200707
http://www.wikidata.org/entity/Q2064181,2200806
http://www.wikidata.org/entity/Q1940548,2200905
http://www.wikidata.org/entity/Q2095297,2200954
http://www.wikidata.org/entity/Q2064170,2201002
http://www.wikidata.org/entity/Q2078771,2201051
http://www.wikidata.org/entity/Q1809642,2201101
http://www.wikidata.org/entity/Q2049334,2201150
http://www.wikidata.org/entity/Q1938757,2201176
http://www.wikidata.org/entity/Q808836,2201200
http://www.wikidata.org/entity/Q618000,2201309
http://www.wikidata.org/entity/Q2064159,2201408
http://www.wikidata.org/entity/Q2012017,2201507
http://www.wikidata.org/entity/Q378812,2201556
http://www.wikidata.org/entity/Q1811039,2201572
http://www.wikidata.org/entity/Q1981008,2201606
http://www.wikidata.org/entity/Q769524,2201705
http://www.wikidata.org/entity/Q2064331,2201739
http://www.wikidata.org/entity/Q1838960,2201770
http://www.wikidata.org/entity/Q2097681,2201804
http://www.wikidata.org/entity/Q891715,2201903
http://www.wikidata.org/entity/Q2063977,2201919
http://www.wikidata.org/entity/Q2089257,2201929
http://www.wikidata.org/entity/Q2078789,2201945
http://www.wikidata.org/entity/Q2329749,2201960
http://www.wikidata.org/entity/Q2089172,2201988
http://www.wikidata.org/entity/Q2064004,2202000
http://www.wikidata.org/entity/Q1999799,2202026
http://www.wikidata.org/entity/Q1938976,2202059
http://www.wikidata.org/entity/Q2064526,2202075
http://www.wikidata.org/entity/Q2064154,2202083
http://www.wikidata.org/entity/Q2064592,2202091
http://www.wikidata.org/entity/Q1938871,2202109
http://www.wikidata.org/entity/Q2064600,2202117
http://www.wikidata.org/entity/Q2064482,2202133
http://www.wikidata.org/entity/Q1938765,2202174
http://www.wikidata.org/entity/Q2105005,2202208
http://www.wikidata.org/entity/Q2078429,2202251
http://www.wikidata.org/entity/Q2079682,2202307
http://www.wikidata.org/entity/Q2089202,2202406
http://www.wikidata.org/entity/Q636789,2202455
http://www.wikidata.org/entity/Q2104975,2202505
http://www.wikidata.org/entity/Q2064040,2202539
http://www.wikidata.org/entity/Q2064398,2202554
http://www.wikidata.org/entity/Q2078710,2202604
http://www.wikidata.org/entity/Q1938789,2202653
http://www.wikidata.org/entity/Q511764,2202703
http://www.wikidata.org/entity/Q2078362,2202711
http://www.wikidata.org/entity/Q1940520,2202729
http://www.wikidata.org/entity/Q2077715,2202737
http://www.wikidata.org/entity/Q2064280,2202752
http://www.wikidata.org/entity/Q2066010,2202778
http://www.wikidata.org/entity/Q256489,2202802
http://www.wikidata.org/entity/Q2078647,2202851
http://www.wikidata.org/entity/Q2662106,2202901
http://www.wikidata.org/entity/Q1122557,2203008
http://www.wikidata.org/entity/Q1940564,2203107
http://www.wikidata.org/entity/Q655584,2203206
http://www.wikidata.org/entity/Q2065020,2203230
http://www.wikidata.org/entity/Q1871203,2203255
http://www.wikidata.org/entity/Q1936263,2203271
http://www.wikidata.org/entity/Q1851653,2203305
http://www.wikidata.org/entity/Q2079658,2203354
http://www.wikidata.org/entity/Q2064417,2203404
http://www.wikidata.org/entity/Q1937344,2203420
http://www.wikidata.org/entity/Q2089195,2203453
http://www.wikidata.org/entity/Q2078352,2203503
http://www.wikidata.org/entity/Q2064194,2203602
http://www.wikidata.org/entity/Q2009973,2203701
http://www.wikidata.org/entity/Q1936286,2203750
http://www.wikidata.org/entity/Q1937384,2203800
http://www.wikidata.org/entity/Q1935819,2203859
http://www.wikidata.org/entity/Q2008644,2203909
http://www.wikidata.org/entity/Q2077745,2204006
http://www.wikidata.org/entity/Q1938945,2204105
http://www.wikidata.org/entity/Q2064534,2204154
http://www.wikidata.org/entity/Q2078798,2204204
http://www.wikidata.org/entity/Q2064409,2204303
http://www.wikidata.org/entity/Q1852620,2204352
http://www.wikidata.org/entity/Q677076,2204402
http://www.wikidata.org/entity/Q2104157,2204501
http://www.wikidata.org/entity/Q1969397,2204550
http://www.wikidata.org/entity/Q1938815,2204600
http://www.wikidata.org/entity/Q2078225,2204659
http://www.wikidata.org/entity/Q2104143,2204709
http://www.wikidata.org/entity/Q2042128,2204808
http://www.wikidata.org/entity/Q1935791,2204907
http://www.wikidata.org/entity/Q662237,2205003
http://www.wikidata.org/entity/Q2079025,2205102
http://www.wikidata.org/entity/Q2064385,2205151
http://www.wikidata.org/entity/Q953959,2205201
http://www.wikidata.org/entity/Q1991909,2205250
http://www.wikidata.org/entity/Q2079666,2205276
http://www.wikidata.org/entity/Q2089161,2205300
http://www.wikidata.org/entity/Q762804,2205359
http://www.wikidata.org/entity/Q961001,2205409
http://www.wikidata.org/entity/Q2078313,2205458
http://www.wikidata.org/entity/Q2078167,2205508
http://www.wikidata.org/entity/Q2078842,2205516
http://www.wikidata.org/entity/Q369466,2205524
http://www.wikidata.org/entity/Q1941164,2205532
http://www.wikidata.org/entity/Q2064145,2205540
http://www.wikidata.org/entity/Q2077708,2205557
http://www.wikidata.org/entity/Q2064717,2205565
http://www.wikidata.org/entity/Q1114540,2205573
http://www.wikidata.org/entity/Q1938883,2205581
http://www.wikidata.org/entity/Q1853146,2205599
http://www.wikidata.org/entity/Q1938802,2205607
http://www.wikidata.org/entity/Q2064046,2205706
http://www.wikidata.org/entity/Q1924294,2205805
http://www.wikidata.org/entity/Q2064030,2205854
http://www.wikidata.org/entity/Q2064262,2205904
http://www.wikidata.org/entity/Q1878529,2205953
http://www.wikidata.org/entity/Q1938857,2206001
http://www.wikidata.org/entity/Q1940480,2206050
http://www.wikidata.org/entity/Q1894372,2206100
http://www.wikidata.org/entity/Q677160,2206209
http://www.wikidata.org/entity/Q2078472,2206308
http://www.wikidata.org/entity/Q1938844,2206357
http://www.wikidata.org/entity/Q1935712,2206407
http://www.wikidata.org/entity/Q2060311,2206506
http://www.wikidata.org/entity/Q1938896,2206605
http://www.wikidata.org/entity/Q2098784,2206654
http://www.wikidata.org/entity/Q2064135,2206670
http://www.wikidata.org/entity/Q2078394,2206696
http://www.wikidata.org/entity/Q939833,2206704
http://www.wikidata.org/entity/Q10335889,2206720
http://www.wikidata.org/entity/Q963907,2206753
http://www.wikidata.org/entity/Q2104808,2206803
http://www.wikidata.org/entity/Q2077697,2206902
http://www.wikidata.org/entity/Q2169201,2206951
http://www.wikidata.org/entity/Q2077764,2207009
http://www.wikidata.org/entity/Q1940465,2207108
http://www.wikidata.org/entity/Q2066171,2207207
http://www.wikidata.org/entity/Q2078986,2207306
http://www.wikidata.org/entity/Q519387,2207355
http://www.wikidata.org/entity/Q1936298,2207405
http://www.wikidata.org/entity/Q2064013,2207504
http://www.wikidata.org/entity/Q2065325,2207553
http://www.wikidata.org/entity/Q2089339,2207603
http://www.wikidata.org/entity/Q1643864,2207702
http://www.wikidata.org/entity/Q1937308,2207751
http://www.wikidata.org/entity/Q1940449,2207777
http://www.wikidata.org/entity/Q1933647,2207793
http://www.wikidata.org/entity/Q2064687,2207801
http://www.wikidata.org/entity/Q2089236,2207850
http://www.wikidata.org/entity/Q1934329,2207900
http://www.wikidata.org/entity/Q1938919,2207934
http://www.wikidata.org/entity/Q2103222,2207959
http://www.wikidata.org/entity/Q1810825,2208007
http://www.wikidata.org/entity/Q2077685,2208106
http://www.wikidata.org/entity/Q2089220,2208205
http://www.wikidata.org/entity/Q2063996,2208304
http://www.wikidata.org/entity/Q996763,2208403
http://www.wikidata.org/entity/Q2113232,2208502
http://www.wikidata.org/entity/Q1935805,2208551
http://www.wikidata.org/entity/Q2042707,2208601
http://www.wikidata.org/entity/Q1938832,2208650
http://www.wikidata.org/entity/Q1848362,2208700
http://www.wikidata.org/entity/Q1879913,2208809
http://www.wikidata.org/entity/Q1936273,2208858
http://www.wikidata.org/entity/Q521452,2208874
http://www.wikidata.org/entity/Q2064254,2208908
http://www.wikidata.org/entity/Q629855,2209005
http://www.wikidata.org/entity/Q1937333,2209104
http://www.wikidata.org/entity/Q2077726,2209153
http://www.wikidata.org/entity/Q2340263,2209203
http://www.wikidata.org/entity/Q1938964,2209302
http://www.wikidata.org/entity/Q1938905,2209351
http://www.wikidata.org/entity/Q2065835,2209377
http://www.wikidata.org/entity/Q659267,2209401
http://www.wikidata.org/entity/Q1984524,2209450
http://www.wikidata.org/entity/Q952549,2209500
http://www.wikidata.org/entity/Q2078851,2209559
http://www.wikidata.org/entity/Q2078371,2209609
http://www.wikidata.org/entity/Q979443,2209658
http://www.wikidata.org/entity/Q1899910,2209708
http://www.wikidata.org/entity/Q1940505,2209757
http://www.wikidata.org/entity/Q2005540,2209807
http://www.wikidata.org/entity/Q2064374,2209856
http://www.wikidata.org/entity/Q2064127,2209872
http://www.wikidata.org/entity/Q2099643,2209906
http://www.wikidata.org/entity/Q1938932,2209955
http://www.wikidata.org/entity/Q2064021,2209971
http://www.wikidata.org/entity/Q1937319,2210003
http://www.wikidata.org/entity/Q2105469,2210052
http://www.wikidata.org/entity/Q769359,2210102
http://www.wikidata.org/entity/Q2066044,2210201
http://www.wikidata.org/entity/Q1987363,2210300
http://www.wikidata.org/entity/Q518321,2210359
http://www.wikidata.org/entity/Q1935674,2210375
http://www.wikidata.org/entity/Q1935660,2210383
http://www.wikidata.org/entity/Q2079673,2210391
http://www.wikidata.org/entity/Q2078456,2210409
http://www.wikidata.org/entity/Q2077678,2210508
http://www.wikidata.org/entity/Q1935702,2210607
http://www.wikidata.org/entity/Q1977122,2210623
http://www.wikidata.org/entity/Q2078343,2210631
http://www.wikidata.org/entity/Q2095087,2210656
http://www.wikidata.org/entity/Q2089169,2210706
http://www.wikidata.org/entity/Q1943081,2210805
http://www.wikidata.org/entity/Q2065179,2210904
http://www.wikidata.org/entity/Q2066083,2210938
http://www.wikidata.org/entity/Q1935687,2210953
http://www.wikidata.org/entity/Q2065348,2210979
http://www.wikidata.org/entity/Q165341,2211001
http://www.wikidata.org/entity/Q2101441,2211100
http://www.wikidata.org/entity/Q22059606,2211209
http://www.wikidata.org/entity/Q22059605,2211308
http://www.wikidata.org/entity/Q2078860,2211357
http://www.wikidata.org/entity/Q22059603,2211407
http://www.wikidata.org/entity/Q2064975,2211506
http://www.wikidata.org/entity/Q1979610,2211605
http://www.wikidata.org/entity/Q1935648,2211704
http://www.wikidata.org/entity/Q1796441,2300101
http://www.wikidata.org/entity/Q1808379,2300150
http://www.wikidata.org/entity/Q1796706,2300200
http://www.wikidata.org/entity/Q544694,2300309
http://www.wikidata.org/entity/Q641440,2300408
http://www.wikidata.org/entity/Q2027670,2300507
http://www.wikidata.org/entity/Q2021103,2300606
http://www.wikidata.org/entity/Q2021254,2300705
http://www.wikidata.org/entity/Q947378,2300754
http://www.wikidata.org/entity/Q2021007,2300804
http://www.wikidata.org/entity/Q2028851,2300903
http://www.wikidata.org/entity/Q1794121,2301000
http://www.wikidata.org/entity/Q1754397,2301109
http://www.wikidata.org/entity/Q2289917,2301208
http://www.wikidata.org/entity/Q2020998,2301257
http://www.wikidata.org/entity/Q2021237,2301307
http://www.wikidata.org/entity/Q2013968,2301406
http://www.wikidata.org/entity/Q952686,2301505
http://www.wikidata.org/entity/Q1808367,2301604
http://www.wikidata.org/entity/Q2289941,2301703
http://www.wikidata.org/entity/Q1808481,2301802
http://www.wikidata.org/entity/Q1945041,2301851
http://www.wikidata.org/entity/Q602143,2301901
http://www.wikidata.org/entity/Q2013899,2301950
http://www.wikidata.org/entity/Q2028645,2302008
http://www.wikidata.org/entity/Q2020987,2302057
http://www.wikidata.org/entity/Q2021082,2302107
http://www.wikidata.org/entity/Q2028035,2302206
http://www.wikidata.org/entity/Q2021089,2302305
http://www.wikidata.org/entity/Q1808337,2302404
http://www.wikidata.org/entity/Q2027070,2302503
http://www.wikidata.org/entity/Q1807057,2302602
http://www.wikidata.org/entity/Q1811948,2302701
http://www.wikidata.org/entity/Q1008278,2302800
http://www.wikidata.org/entity/Q2021203,2302909
http://www.wikidata.org/entity/Q2027136,2303006
http://www.wikidata.org/entity/Q2021245,2303105
http://www.wikidata.org/entity/Q2028263,2303204
http://www.wikidata.org/entity/Q1811382,2303303
http://www.wikidata.org/entity/Q2028395,2303402
http://www.wikidata.org/entity/Q787864,2303501
http://www.wikidata.org/entity/Q22059576,2303600
http://www.wikidata.org/entity/Q22059575,2303659
http://www.wikidata.org/entity/Q817233,2303709
http://www.wikidata.org/entity/Q2027857,2303808
http://www.wikidata.org/entity/Q2028829,2303907
http://www.wikidata.org/entity/Q2047506,2303931
http://www.wikidata.org/entity/Q22059571,2303956
http://www.wikidata.org/entity/Q2027322,2304004
http://www.wikidata.org/entity/Q2021123,2304103
http://www.wikidata.org/entity/Q1004897,2304202
http://www.wikidata.org/entity/Q1816979,2304236
http://www.wikidata.org/entity/Q22059569,2304251
http://www.wikidata.org/entity/Q2027304,2304269
http://www.wikidata.org/entity/Q2021415,2304277
http://www.wikidata.org/entity/Q2027112,2304285
http://www.wikidata.org/entity/Q2021026,2304301
http://www.wikidata.org/entity/Q587627,2304350
http://www.wikidata.org/entity/Q43463,2304400
http://www.wikidata.org/entity/Q2021064,2304459
http://www.wikidata.org/entity/Q2027699,2304509
http://www.wikidata.org/entity/Q2021224,2304608
http://www.wikidata.org/entity/Q2089608,2304657
http://www.wikidata.org/entity/Q2028672,2304707
http://www.wikidata.org/entity/Q2026909,2304806
http://www.wikidata.org/entity/Q2028083,2304905
http://www.wikidata.org/entity/Q2028404,2304954
http://www.wikidata.org/entity/Q2027331,2305001
http://www.wikidata.org/entity/Q1761441,2305100
http://www.wikidata.org/entity/Q2347636,2305209
http://www.wikidata.org/entity/Q22059559,2305233
http://www.wikidata.org/entity/Q2027727,2305266
http://www.wikidata.org/entity/Q2028027,2305308
http://www.wikidata.org/entity/Q1984853,2305332
http://www.wikidata.org/entity/Q734002,2305357
http://www.wikidata.org/entity/Q1807902,2305407
http://www.wikidata.org/entity/Q931326,2305506
http://www.wikidata.org/entity/Q284334,2305605
http://www.wikidata.org/entity/Q2028044,2305654
http://www.wikidata.org/entity/Q1807006,2305704
http://www.wikidata.org/entity/Q2026922,2305803
http://www.wikidata.org/entity/Q952731,2305902
http://www.wikidata.org/entity/Q2130759,2306009
http://www.wikidata.org/entity/Q2028660,2306108
http://www.wikidata.org/entity/Q2006999,2306207
http://www.wikidata.org/entity/Q2013483,2306256
http://www.wikidata.org/entity/Q2021022,2306306
http://www.wikidata.org/entity/Q1797985,2306405
http://www.wikidata.org/entity/Q684551,2306504
http://www.wikidata.org/entity/Q2013979,2306553
http://www.wikidata.org/entity/Q2014416,2306603
http://www.wikidata.org/entity/Q2027316,2306702
http://www.wikidata.org/entity/Q2028838,2306801
http://www.wikidata.org/entity/Q653619,2306900
http://www.wikidata.org/entity/Q2013987,2307007
http://www.wikidata.org/entity/Q929116,2307106
http://www.wikidata.org/entity/Q2028694,2307205
http://www.wikidata.org/entity/Q1367980,2307254
http://www.wikidata.org/entity/Q817227,2307304
http://www.wikidata.org/entity/Q2027711,2307403
http://www.wikidata.org/entity/Q664219,2307502
http://www.wikidata.org/entity/Q1795215,2307601
http://www.wikidata.org/entity/Q1963649,2307635
http://www.wikidata.org/entity/Q1794732,2307650
http://www.wikidata.org/entity/Q1795232,2307700
http://www.wikidata.org/entity/Q22059549,2307809
http://www.wikidata.org/entity/Q2028218,2307908
http://www.wikidata.org/entity/Q2028110,2308005
http://www.wikidata.org/entity/Q1993771,2308104
http://www.wikidata.org/entity/Q2028094,2308203
http://www.wikidata.org/entity/Q2092809,2308302
http://www.wikidata.org/entity/Q2028613,2308351
http://www.wikidata.org/entity/Q1966370,2308377
http://www.wikidata.org/entity/Q2027847,2308401
http://www.wikidata.org/entity/Q1920600,2308500
http://www.wikidata.org/entity/Q526892,2308609
http://www.wikidata.org/entity/Q1807869,2308708
http://www.wikidata.org/entity/Q2027657,2308807
http://www.wikidata.org/entity/Q22059544,2308906
http://www.wikidata.org/entity/Q2027361,2309003
http://www.wikidata.org/entity/Q22059542,2309102
http://www.wikidata.org/entity/Q1913711,2309201
http://www.wikidata.org/entity/Q1824152,2309300
http://www.wikidata.org/entity/Q22059540,2309409
http://www.wikidata.org/entity/Q2028371,2309458
http://www.wikidata.org/entity/Q526215,2309508
http://www.wikidata.org/entity/Q2021230,2309607
http://www.wikidata.org/entity/Q2026817,2309706
http://www.wikidata.org/entity/Q2013474,2309805
http://www.wikidata.org/entity/Q2028383,2309904
http://www.wikidata.org/entity/Q2028077,2310001
http://www.wikidata.org/entity/Q2013452,2310100
http://www.wikidata.org/entity/Q542347,2310209
http://www.wikidata.org/entity/Q2013436,2310258
http://www.wikidata.org/entity/Q770577,2310308
http://www.wikidata.org/entity/Q2028069,2310407
http://www.wikidata.org/entity/Q2028317,2310506
http://www.wikidata.org/entity/Q2028236,2310605
http://www.wikidata.org/entity/Q1815210,2310704
http://www.wikidata.org/entity/Q2028227,2310803
http://www.wikidata.org/entity/Q948079,2310852
http://www.wikidata.org/entity/Q2028684,2310902
http://www.wikidata.org/entity/Q2027682,2310951
http://www.wikidata.org/entity/Q2027595,2311009
http://www.wikidata.org/entity/Q2027628,2311108
http://www.wikidata.org/entity/Q1112312,2311207
http://www.wikidata.org/entity/Q2028629,2311231
http://www.wikidata.org/entity/Q2026870,2311264
http://www.wikidata.org/entity/Q2013932,2311306
http://www.wikidata.org/entity/Q1808458,2311355
http://www.wikidata.org/entity/Q999088,2311405
http://www.wikidata.org/entity/Q2028061,2311504
http://www.wikidata.org/entity/Q2266648,2311603
http://www.wikidata.org/entity/Q629638,2311702
http://www.wikidata.org/entity/Q1806654,2311801
http://www.wikidata.org/entity/Q2021151,2311900
http://www.wikidata.org/entity/Q2028051,2311959
http://www.wikidata.org/entity/Q2027584,2312007
http://www.wikidata.org/entity/Q2068856,2312106
http://www.wikidata.org/entity/Q2027609,2312205
http://www.wikidata.org/entity/Q2068831,2312304
http://www.wikidata.org/entity/Q1999934,2312403
http://www.wikidata.org/entity/Q2039779,2312502
http://www.wikidata.org/entity/Q2039586,2312601
http://www.wikidata.org/entity/Q1828350,2312700
http://www.wikidata.org/entity/Q1983626,2312809
http://www.wikidata.org/entity/Q1815899,2312908
http://www.wikidata.org/entity/Q975946,2313005
http://www.wikidata.org/entity/Q2059758,2313104
http://www.wikidata.org/entity/Q2068962,2313203
http://www.wikidata.org/entity/Q1900852,2313252
http://www.wikidata.org/entity/Q2021015,2313302
http://www.wikidata.org/entity/Q2039497,2313351
http://www.wikidata.org/entity/Q965707,2313401
http://www.wikidata.org/entity/Q1807039,2313500
http://www.wikidata.org/entity/Q1814522,2313559
http://www.wikidata.org/entity/Q1821314,2313609
http://www.wikidata.org/entity/Q2068917,2313708
http://www.wikidata.org/entity/Q778286,2313757
http://www.wikidata.org/entity/Q2021056,2313807
http://www.wikidata.org/entity/Q2013443,2313906
http://www.wikidata.org/entity/Q1939222,2313955
http://www.wikidata.org/entity/Q2068823,2314003
http://www.wikidata.org/entity/Q2021075,2314102
http://www.wikidata.org/entity/Q2008611,2400109
http://www.wikidata.org/entity/Q1788873,2400208
http://www.wikidata.org/entity/Q1788960,2400307
http://www.wikidata.org/entity/Q1786703,2400406
http://www.wikidata.org/entity/Q2099372,2400505
http://www.wikidata.org/entity/Q1802697,2400604
http://www.wikidata.org/entity/Q1787554,2400703
http://www.wikidata.org/entity/Q1989884,2400802
http://www.wikidata.org/entity/Q1788470,2400901
http://www.wikidata.org/entity/Q2008084,2401008
http://www.wikidata.org/entity/Q2072691,2401107
http://www.wikidata.org/entity/Q928712,2401206
http://www.wikidata.org/entity/Q1802671,2401305
http://www.wikidata.org/entity/Q282133,2401404
http://www.wikidata.org/entity/Q1970827,2401453
http://www.wikidata.org/entity/Q2011622,2401503
http://www.wikidata.org/entity/Q1802840,2401602
http://www.wikidata.org/entity/Q1802663,2401651
http://www.wikidata.org/entity/Q2011643,2401701
http://www.wikidata.org/entity/Q2088956,2401800
http://www.wikidata.org/entity/Q1787018,2401859
http://www.wikidata.org/entity/Q771693,2401909
http://www.wikidata.org/entity/Q1751350,2402006
http://www.wikidata.org/entity/Q1802775,2402105
http://www.wikidata.org/entity/Q1787055,2402204
http://www.wikidata.org/entity/Q2078721,2402303
http://www.wikidata.org/entity/Q1787511,2402402
http://www.wikidata.org/entity/Q1788271,2402501
http://www.wikidata.org/entity/Q1759622,2402600
http://www.wikidata.org/entity/Q1802687,2402709
http://www.wikidata.org/entity/Q1802414,2402808
http://www.wikidata.org/entity/Q1802324,2402907
http://www.wikidata.org/entity/Q1787064,2403004
http://www.wikidata.org/entity/Q1759405,2403103
http://www.wikidata.org/entity/Q598179,2403202
http://www.wikidata.org/entity/Q986261,2403251
http://www.wikidata.org/entity/Q2089248,2403301
http://www.wikidata.org/entity/Q2002138,2403400
http://www.wikidata.org/entity/Q2064219,2403509
http://www.wikidata.org/entity/Q591577,2403608
http://www.wikidata.org/entity/Q1787530,2403707
http://www.wikidata.org/entity/Q588380,2403756
http://www.wikidata.org/entity/Q1787072,2403806
http://www.wikidata.org/entity/Q2088951,2403905
http://www.wikidata.org/entity/Q786174,2404002
http://www.wikidata.org/entity/Q1788257,2404101
http://www.wikidata.org/entity/Q1802289,2404200
http://www.wikidata.org/entity/Q1787040,2404309
http://www.wikidata.org/entity/Q1802633,2404408
http://www.wikidata.org/entity/Q1786961,2404507
http://www.wikidata.org/entity/Q649314,2404606
http://www.wikidata.org/entity/Q1787080,2404705
http://www.wikidata.org/entity/Q1789047,2404804
http://www.wikidata.org/entity/Q2077915,2404853
http://www.wikidata.org/entity/Q379152,2404903
http://www.wikidata.org/entity/Q2008149,2405009
http://www.wikidata.org/entity/Q2213742,2405108
http://www.wikidata.org/entity/Q1759342,2405207
http://www.wikidata.org/entity/Q1802783,2405306
http://www.wikidata.org/entity/Q1804068,2405405
http://www.wikidata.org/entity/Q1788386,2405504
http://www.wikidata.org/entity/Q368917,2405603
http://www.wikidata.org/entity/Q1786973,2405702
http://www.wikidata.org/entity/Q507247,2405801
http://www.wikidata.org/entity/Q1802624,2405900
http://www.wikidata.org/entity/Q1787569,2406007
http://www.wikidata.org/entity/Q1787030,2406106
http://www.wikidata.org/entity/Q2355804,2406155
http://www.wikidata.org/entity/Q1802281,2406205
http://www.wikidata.org/entity/Q1802850,2406304
http://www.wikidata.org/entity/Q534097,2406403
http://www.wikidata.org/entity/Q526249,2406502
http://www.wikidata.org/entity/Q973069,2406601
http://www.wikidata.org/entity/Q1802253,2406700
http://www.wikidata.org/entity/Q1802336,2406809
http://www.wikidata.org/entity/Q1802377,2406908
http://www.wikidata.org/entity/Q1802790,2407005
http://www.wikidata.org/entity/Q1786943,2407104
http://www.wikidata.org/entity/Q585538,2407203
http://www.wikidata.org/entity/Q1802362,2407252
http://www.wikidata.org/entity/Q1786932,2407302
http://www.wikidata.org/entity/Q599726,2407401
http://www.wikidata.org/entity/Q1802383,2407500
http://www.wikidata.org/entity/Q521491,2407609
http://www.wikidata.org/entity/Q548971,2407708
http://www.wikidata.org/entity/Q2078937,2407807
http://www.wikidata.org/entity/Q1802831,2407906
http://www.wikidata.org/entity/Q694845,2408003
http://www.wikidata.org/entity/Q131620,2408102
http://www.wikidata.org/entity/Q1116574,2408201
http://www.wikidata.org/entity/Q1802859,2408300
http://www.wikidata.org/entity/Q1802421,2408409
http://www.wikidata.org/entity/Q2088917,2408508
http://www.wikidata.org/entity/Q1845017,2408607
http://www.wikidata.org/entity/Q1786926,2408706
http://www.wikidata.org/entity/Q1786939,2408805
http://www.wikidata.org/entity/Q1786896,2408904
http://www.wikidata.org/entity/Q614428,2408953
http://www.wikidata.org/entity/Q772851,2409100
http://www.wikidata.org/entity/Q2309743,2409209
http://www.wikidata.org/entity/Q2078782,2409308
http://www.wikidata.org/entity/Q1954847,2409332
http://www.wikidata.org/entity/Q1759093,2409407
http://www.wikidata.org/entity/Q1802585,2409506
http://www.wikidata.org/entity/Q1857718,2409605
http://www.wikidata.org/entity/Q1786870,2409704
http://www.wikidata.org/entity/Q1786891,2409803
http://www.wikidata.org/entity/Q1786911,2409902
http://www.wikidata.org/entity/Q2008056,2410009
http://www.wikidata.org/entity/Q1802657,2410108
http://www.wikidata.org/entity/Q2079757,2410207
http://www.wikidata.org/entity/Q390276,2410256
http://www.wikidata.org/entity/Q2298053,2410306
http://www.wikidata.org/entity/Q1802616,2410405
http://www.wikidata.org/entity/Q1786863,2410504
http://www.wikidata.org/entity/Q1802391,2410603
http://www.wikidata.org/entity/Q1802639,2410702
http://www.wikidata.org/entity/Q2232145,2410801
http://www.wikidata.org/entity/Q2066132,2410900
http://www.wikidata.org/entity/Q1802371,2411007
http://www.wikidata.org/entity/Q1802343,2411056
http://www.wikidata.org/entity/Q2309715,2411106
http://www.wikidata.org/entity/Q1854793,2411205
http://www.wikidata.org/entity/Q1786881,2411403
http://www.wikidata.org/entity/Q1786789,2411429
http://www.wikidata.org/entity/Q2008095,2411502
http://www.wikidata.org/entity/Q1786782,2411601
http://www.wikidata.org/entity/Q1802608,2411700
http://www.wikidata.org/entity/Q1786710,2411809
http://www.wikidata.org/entity/Q1802806,2411908
http://www.wikidata.org/entity/Q2088944,2412005
http://www.wikidata.org/entity/Q1786769,2412104
http://www.wikidata.org/entity/Q734571,2412203
http://www.wikidata.org/entity/Q1802815,2412302
http://www.wikidata.org/entity/Q945450,2412401
http://www.wikidata.org/entity/Q2090942,2412500
http://www.wikidata.org/entity/Q988901,2412559
http://www.wikidata.org/entity/Q1802399,2412609
http://www.wikidata.org/entity/Q2068898,2412708
http://www.wikidata.org/entity/Q1812846,2412807
http://www.wikidata.org/entity/Q2016592,2412906
http://www.wikidata.org/entity/Q2021824,2413003
http://www.wikidata.org/entity/Q1786778,2413102
http://www.wikidata.org/entity/Q428496,2413201
http://www.wikidata.org/entity/Q1802353,2413300
http://www.wikidata.org/entity/Q679650,2413359
http://www.wikidata.org/entity/Q1786695,2413409
http://www.wikidata.org/entity/Q589586,2413508
http://www.wikidata.org/entity/Q1802272,2413557
http://www.wikidata.org/entity/Q1802204,2413607
http://www.wikidata.org/entity/Q1125401,2413706
http://www.wikidata.org/entity/Q1802579,2413805
http://www.wikidata.org/entity/Q1802310,2413904
http://www.wikidata.org/entity/Q2011631,2414001
http://www.wikidata.org/entity/Q1802650,2414100
http://www.wikidata.org/entity/Q1786757,2414159
http://www.wikidata.org/entity/Q1759083,2414209
http://www.wikidata.org/entity/Q1786689,2414308
http://www.wikidata.org/entity/Q1797006,2414407
http://www.wikidata.org/entity/Q1802221,2414456
http://www.wikidata.org/entity/Q1802407,2414506
http://www.wikidata.org/entity/Q1786764,2414605
http://www.wikidata.org/entity/Q600510,2414704
http://www.wikidata.org/entity/Q1802298,2414753
http://www.wikidata.org/entity/Q586682,2414803
http://www.wikidata.org/entity/Q2309735,2414902
http://www.wikidata.org/entity/Q1920821,2415008
http://www.wikidata.org/entity/Q1847056,2500106
http://www.wikidata.org/entity/Q1998462,2500205
http://www.wikidata.org/entity/Q1998976,2500304
http://www.wikidata.org/entity/Q1816238,2500403
http://www.wikidata.org/entity/Q2065239,2500502
http://www.wikidata.org/entity/Q1816058,2500536
http://www.wikidata.org/entity/Q1759357,2500577
http://www.wikidata.org/entity/Q385529,2500601
http://www.wikidata.org/entity/Q728790,2500700
http://www.wikidata.org/entity/Q2010915,2500734
http://www.wikidata.org/entity/Q2077855,2500775
http://www.wikidata.org/entity/Q374669,2500809
http://www.wikidata.org/entity/Q37378,2500908
http://www.wikidata.org/entity/Q2065337,2501005
http://www.wikidata.org/entity/Q1816283,2501104
http://www.wikidata.org/entity/Q1800798,2501153
http://www.wikidata.org/entity/Q963490,2501203
http://www.wikidata.org/entity/Q1808029,2501302
http://www.wikidata.org/entity/Q1808674,2501351
http://www.wikidata.org/entity/Q978537,2501401
http://www.wikidata.org/entity/Q525672,2501500
http://www.wikidata.org/entity/Q2662559,2501534
http://www.wikidata.org/entity/Q1808715,2501575
http://www.wikidata.org/entity/Q1800788,2501609
http://www.wikidata.org/entity/Q2309706,2501708
http://www.wikidata.org/entity/Q2065978,2501807
http://www.wikidata.org/entity/Q792606,2501906
http://www.wikidata.org/entity/Q285051,2502003
http://www.wikidata.org/entity/Q1816080,2502052
http://www.wikidata.org/entity/Q677612,2502102
http://www.wikidata.org/entity/Q2065971,2502151
http://www.wikidata.org/entity/Q2066065,2502201
http://www.wikidata.org/entity/Q2087575,2502300
http://www.wikidata.org/entity/Q776733,2502409
http://www.wikidata.org/entity/Q1808935,2502508
http://www.wikidata.org/entity/Q2010961,2502607
http://www.wikidata.org/entity/Q338286,2502706
http://www.wikidata.org/entity/Q1808002,2502805
http://www.wikidata.org/entity/Q1808661,2502904
http://www.wikidata.org/entity/Q1816118,2503001
http://www.wikidata.org/entity/Q606068,2503100
http://www.wikidata.org/entity/Q986350,2503209
http://www.wikidata.org/entity/Q1816046,2503308
http://www.wikidata.org/entity/Q1807989,2503407
http://www.wikidata.org/entity/Q1816227,2503506
http://www.wikidata.org/entity/Q970131,2503555
http://www.wikidata.org/entity/Q1816219,2503605
http://www.wikidata.org/entity/Q1808637,2503704
http://www.wikidata.org/entity/Q1808910,2503753
http://www.wikidata.org/entity/Q1808745,2503803
http://www.wikidata.org/entity/Q1816125,2503902
http://www.wikidata.org/entity/Q193016,2504009
http://www.wikidata.org/entity/Q1808017,2504033
http://www.wikidata.org/entity/Q284134,2504074
http://www.wikidata.org/entity/Q749757,2504108
http://www.wikidata.org/entity/Q1816259,2504157
http://www.wikidata.org/entity/Q1816295,2504207
http://www.wikidata.org/entity/Q1808697,2504306
http://www.wikidata.org/entity/Q1815927,2504355
http://www.wikidata.org/entity/Q2010944,2504405
http://www.wikidata.org/entity/Q635267,2504504
http://www.wikidata.org/entity/Q1999780,2504603
http://www.wikidata.org/entity/Q2009615,2504702
http://www.wikidata.org/entity/Q1843416,2504801
http://www.wikidata.org/entity/Q2009254,2504850
http://www.wikidata.org/entity/Q512810,2504900
http://www.wikidata.org/entity/Q2009277,2505006
http://www.wikidata.org/entity/Q2064364,2505105
http://www.wikidata.org/entity/Q2011350,2505204
http://www.wikidata.org/entity/Q977785,2505238
http://www.wikidata.org/entity/Q1808490,2505279
http://www.wikidata.org/entity/Q2010383,2505303
http://www.wikidata.org/entity/Q663661,2505352
http://www.wikidata.org/entity/Q2009945,2505402
http://www.wikidata.org/entity/Q2010563,2505501
http://www.wikidata.org/entity/Q644558,2505600
http://www.wikidata.org/entity/Q1814531,2505709
http://www.wikidata.org/entity/Q2006072,2505808
http://www.wikidata.org/entity/Q2040548,2505907
http://www.wikidata.org/entity/Q1816186,2506004
http://www.wikidata.org/entity/Q2011192,2506103
http://www.wikidata.org/entity/Q2008657,2506202
http://www.wikidata.org/entity/Q674753,2506251
http://www.wikidata.org/entity/Q1827121,2506301
http://www.wikidata.org/entity/Q1991293,2506400
http://www.wikidata.org/entity/Q1816212,2506509
http://www.wikidata.org/entity/Q2010365,2506608
http://www.wikidata.org/entity/Q2009933,2506707
http://www.wikidata.org/entity/Q929040,2506806
http://www.wikidata.org/entity/Q2103719,2506905
http://www.wikidata.org/entity/Q2079014,2507002
http://www.wikidata.org/entity/Q734484,2507101
http://www.wikidata.org/entity/Q2008704,2507200
http://www.wikidata.org/entity/Q2010372,2507309
http://www.wikidata.org/entity/Q2065204,2507408
http://www.wikidata.org/entity/Q167436,2507507
http://www.wikidata.org/entity/Q2008677,2507606
http://www.wikidata.org/entity/Q1815979,2507705
http://www.wikidata.org/entity/Q2008715,2507804
http://www.wikidata.org/entity/Q2008351,2507903
http://www.wikidata.org/entity/Q1808550,2508000
http://www.wikidata.org/entity/Q1921322,2508109
http://www.wikidata.org/entity/Q2011329,2508208
http://www.wikidata.org/entity/Q2010981,2508307
http://www.wikidata.org/entity/Q2009351,2508406
http://www.wikidata.org/entity/Q2065825,2508505
http://www.wikidata.org/entity/Q2012226,2508554
http://www.wikidata.org/entity/Q2078997,2508604
http://www.wikidata.org/entity/Q2010590,2508703
http://www.wikidata.org/entity/Q2329682,2508802
http://www.wikidata.org/entity/Q1008338,2508901
http://www.wikidata.org/entity/Q2009309,2509008
http://www.wikidata.org/entity/Q2010733,2509057
http://www.wikidata.org/entity/Q965785,2509107
http://www.wikidata.org/entity/Q777156,2509156
http://www.wikidata.org/entity/Q2079004,2509206
http://www.wikidata.org/entity/Q727109,2509305
http://www.wikidata.org/entity/Q2011935,2509339
http://www.wikidata.org/entity/Q2078731,2509370
http://www.wikidata.org/entity/Q2009368,2509396
http://www.wikidata.org/entity/Q764440,2509404
http://www.wikidata.org/entity/Q1808648,2509503
http://www.wikidata.org/entity/Q2010356,2509602
http://www.wikidata.org/entity/Q1808426,2509701
http://www.wikidata.org/entity/Q2341988,2509800
http://www.wikidata.org/entity/Q2008665,2509909
http://www.wikidata.org/entity/Q2009331,2510006
http://www.wikidata.org/entity/Q521125,2510105
http://www.wikidata.org/entity/Q2048449,2510204
http://www.wikidata.org/entity/Q658619,2510303
http://www.wikidata.org/entity/Q2009341,2510402
http://www.wikidata.org/entity/Q1816157,2510501
http://www.wikidata.org/entity/Q2008376,2510600
http://www.wikidata.org/entity/Q2103106,2510659
http://www.wikidata.org/entity/Q2104849,2510709
http://www.wikidata.org/entity/Q1966384,2510808
http://www.wikidata.org/entity/Q2081885,2510907
http://www.wikidata.org/entity/Q2342000,2511004
http://www.wikidata.org/entity/Q2009239,2511103
http://www.wikidata.org/entity/Q2009248,2511202
http://www.wikidata.org/entity/Q2009920,2511301
http://www.wikidata.org/entity/Q2008685,2511400
http://www.wikidata.org/entity/Q731296,2511509
http://www.wikidata.org/entity/Q2067408,2511608
http://www.wikidata.org/entity/Q2011307,2511707
http://www.wikidata.org/entity/Q1870026,2511806
http://www.wikidata.org/entity/Q2008741,2511905
http://www.wikidata.org/entity/Q1816070,2512002
http://www.wikidata.org/entity/Q734849,2512036
http://www.wikidata.org/entity/Q1829476,2512077
http://www.wikidata.org/entity/Q2078751,2512101
http://www.wikidata.org/entity/Q2329634,2512200
http://www.wikidata.org/entity/Q2095104,2512309
http://www.wikidata.org/entity/Q2011046,2512408
http://www.wikidata.org/entity/Q782948,2512507
http://www.wikidata.org/entity/Q2077775,2512606
http://www.wikidata.org/entity/Q289067,2512705
http://www.wikidata.org/entity/Q2064424,2512721
http://www.wikidata.org/entity/Q2329696,2512747
http://www.wikidata.org/entity/Q2008384,2512754
http://www.wikidata.org/entity/Q969630,2512762
http://www.wikidata.org/entity/Q2009287,2512788
http://www.wikidata.org/entity/Q1897689,2512804
http://www.wikidata.org/entity/Q2085541,2512903
http://www.wikidata.org/entity/Q2065031,2513000
http://www.wikidata.org/entity/Q2009391,2513109
http://www.wikidata.org/entity/Q2102814,2513158
http://www.wikidata.org/entity/Q2329762,2513208
http://www.wikidata.org/entity/Q2329779,2513307
http://www.wikidata.org/entity/Q649347,2513356
http://www.wikidata.org/entity/Q2329720,2513406
http://www.wikidata.org/entity/Q2010753,2513505
http://www.wikidata.org/entity/Q2009875,2513604
http://www.wikidata.org/entity/Q2098422,2513653
http://www.wikidata.org/entity/Q1937304,2513703
http://www.wikidata.org/entity/Q680275,2513802
http://www.wikidata.org/entity/Q2078761,2513851
http://www.wikidata.org/entity/Q767395,2513901
http://www.wikidata.org/entity/Q2009398,2513927
http://www.wikidata.org/entity/Q377255,2513943
http://www.wikidata.org/entity/Q224967,2513968
http://www.wikidata.org/entity/Q375711,2513984
http://www.wikidata.org/entity/Q2008734,2514008
http://www.wikidata.org/entity/Q2009071,2514107
http://www.wikidata.org/entity/Q2009321,2514206
http://www.wikidata.org/entity/Q2010404,2514305
http://www.wikidata.org/entity/Q2010579,2514404
http://www.wikidata.org/entity/Q2009265,2514453
http://www.wikidata.org/entity/Q2010773,2514503
http://www.wikidata.org/entity/Q1808707,2514552
http://www.wikidata.org/entity/Q936607,2514602
http://www.wikidata.org/entity/Q644127,2514651
http://www.wikidata.org/entity/Q2008367,2514701
http://www.wikidata.org/entity/Q2008760,2514800
http://www.wikidata.org/entity/Q1999321,2514909
http://www.wikidata.org/entity/Q2008694,2515005
http://www.wikidata.org/entity/Q2009298,2515104
http://www.wikidata.org/entity/Q2008699,2515203
http://www.wikidata.org/entity/Q2008707,2515302
http://www.wikidata.org/entity/Q2008358,2515401
http://www.wikidata.org/entity/Q2009097,2515500
http://www.wikidata.org/entity/Q1962737,2515609
http://www.wikidata.org/entity/Q2010952,2515708
http://www.wikidata.org/entity/Q1979460,2515807
http://www.wikidata.org/entity/Q2064614,2515906
http://www.wikidata.org/entity/Q1973538,2515930
http://www.wikidata.org/entity/Q2078739,2515971
http://www.wikidata.org/entity/Q2010744,2516003
http://www.wikidata.org/entity/Q2066120,2516102
http://www.wikidata.org/entity/Q2010762,2516151
http://www.wikidata.org/entity/Q2011653,2516201
http://www.wikidata.org/entity/Q2008324,2516300
http://www.wikidata.org/entity/Q1816133,2516409
http://www.wikidata.org/entity/Q2329707,2516508
http://www.wikidata.org/entity/Q2099625,2516607
http://www.wikidata.org/entity/Q1004229,2516706
http://www.wikidata.org/entity/Q1875004,2516755
http://www.wikidata.org/entity/Q2097715,2516805
http://www.wikidata.org/entity/Q2010393,2516904
http://www.wikidata.org/entity/Q1815057,2517001
http://www.wikidata.org/entity/Q2065255,2517100
http://www.wikidata.org/entity/Q2009892,2517209
http://www.wikidata.org/entity/Q1808686,2517407
http://www.wikidata.org/entity/Q536569,2600054
http://www.wikidata.org/entity/Q1761348,2600104
http://www.wikidata.org/entity/Q2065815,2600203
http://www.wikidata.org/entity/Q1787629,2600302
http://www.wikidata.org/entity/Q1804038,2600401
http://www.wikidata.org/entity/Q2013722,2600500
http://www.wikidata.org/entity/Q938278,2600609
http://www.wikidata.org/entity/Q2010570,2600708
http://www.wikidata.org/entity/Q1844246,2600807
http://www.wikidata.org/entity/Q1839783,2600906
http://www.wikidata.org/entity/Q1987808,2601003
http://www.wikidata.org/entity/Q2010873,2601052
http://www.wikidata.org/entity/Q626344,2601102
http://www.wikidata.org/entity/Q637902,2601201
http://www.wikidata.org/entity/Q1811106,2601300
http://www.wikidata.org/entity/Q2102404,2601409
http://www.wikidata.org/entity/Q746519,2601508
http://www.wikidata.org/entity/Q1811159,2601607
http://www.wikidata.org/entity/Q949079,2601706
http://www.wikidata.org/entity/Q2065057,2601805
http://www.wikidata.org/entity/Q2011830,2601904
http://www.wikidata.org/entity/Q524487,2602001
http://www.wikidata.org/entity/Q568749,2602100
http://www.wikidata.org/entity/Q2097751,2602209
http://www.wikidata.org/entity/Q2341964,2602308
http://www.wikidata.org/entity/Q2065806,2602407
http://www.wikidata.org/entity/Q682185,2602506
http://www.wikidata.org/entity/Q1807223,2602605
http://www.wikidata.org/entity/Q2101554,2602704
http://www.wikidata.org/entity/Q1809636,2602803
http://www.wikidata.org/entity/Q1637538,2602902
http://www.wikidata.org/entity/Q2010855,2603009
http://www.wikidata.org/entity/Q2099535,2603108
http://www.wikidata.org/entity/Q1008259,2603207
http://www.wikidata.org/entity/Q2088907,2603306
http://www.wikidata.org/entity/Q2010836,2603405
http://www.wikidata.org/entity/Q1761143,2603454
http://www.wikidata.org/entity/Q1811052,2603504
http://www.wikidata.org/entity/Q1814461,2603603
http://www.wikidata.org/entity/Q2064820,2603702
http://www.wikidata.org/entity/Q2064882,2603801
http://www.wikidata.org/entity/Q2064956,2603900
http://www.wikidata.org/entity/Q682035,2603926
http://www.wikidata.org/entity/Q1993877,2604007
http://www.wikidata.org/entity/Q622830,2604106
http://www.wikidata.org/entity/Q923741,2604155
http://www.wikidata.org/entity/Q2011032,2604205
http://www.wikidata.org/entity/Q716874,2604304
http://www.wikidata.org/entity/Q1811142,2604403
http://www.wikidata.org/entity/Q2010970,2604502
http://www.wikidata.org/entity/Q507095,2604601
http://www.wikidata.org/entity/Q776802,2604700
http://www.wikidata.org/entity/Q2064746,2604809
http://www.wikidata.org/entity/Q2089188,2604908
http://www.wikidata.org/entity/Q1916653,2605004
http://www.wikidata.org/entity/Q2013538,2605103
http://www.wikidata.org/entity/Q1811064,2605152
http://www.wikidata.org/entity/Q2102479,2605202
http://www.wikidata.org/entity/Q2064727,2605301
http://www.wikidata.org/entity/Q1869240,2605400
http://www.wikidata.org/entity/Q2078233,2605509
http://www.wikidata.org/entity/Q2105990,2605608
http://www.wikidata.org/entity/Q2464842,2605707
http://www.wikidata.org/entity/Q2011848,2605806
http://www.wikidata.org/entity/Q2064836,2605905
http://www.wikidata.org/entity/Q771575,2606002
http://www.wikidata.org/entity/Q1804101,2606101
http://www.wikidata.org/entity/Q1767210,2606200
http://www.wikidata.org/entity/Q2102421,2606309
http://www.wikidata.org/entity/Q535373,2606408
http://www.wikidata.org/entity/Q2011836,2606507
http://www.wikidata.org/entity/Q1804109,2606606
http://www.wikidata.org/entity/Q1849689,2606705
http://www.wikidata.org/entity/Q1787619,2606804
http://www.wikidata.org/entity/Q2010845,2606903
http://www.wikidata.org/entity/Q2309727,2607000
http://www.wikidata.org/entity/Q2010935,2607109
http://www.wikidata.org/entity/Q1796462,2607208
http://www.wikidata.org/entity/Q743369,2607307
http://www.wikidata.org/entity/Q1804119,2607406
http://www.wikidata.org/entity/Q2011784,2607505
http://www.wikidata.org/entity/Q587114,2607604
http://www.wikidata.org/entity/Q2433604,2607653
http://www.wikidata.org/entity/Q2010880,2607703
http://www.wikidata.org/entity/Q1804093,2607752
http://www.wikidata.org/entity/Q2010908,2607802
http://www.wikidata.org/entity/Q271393,2607901
http://www.wikidata.org/entity/Q2011203,2607950
http://www.wikidata.org/entity/Q2064753,2608008
http://www.wikidata.org/entity/Q2472554,2608057
http://www.wikidata.org/entity/Q786899,2608107
http://www.wikidata.org/entity/Q1401082,2608206
http://www.wikidata.org/entity/Q1852062,2608255
http://www.wikidata.org/entity/Q2013547,2608305
http://www.wikidata.org/entity/Q2104639,2608404
http://www.wikidata.org/entity/Q2010890,2608453
http://www.wikidata.org/entity/Q1887813,2608503
http://www.wikidata.org/entity/Q2013643,2608602
http://www.wikidata.org/entity/Q2013715,2608701
http://www.wikidata.org/entity/Q2103088,2608750
http://www.wikidata.org/entity/Q2078213,2608800
http://www.wikidata.org/entity/Q2064902,2608909
http://www.wikidata.org/entity/Q2077831,2609006
http://www.wikidata.org/entity/Q2064965,2609105
http://www.wikidata.org/entity/Q1895257,2609154
http://www.wikidata.org/entity/Q2011013,2609204
http://www.wikidata.org/entity/Q2011780,2609303
http://www.wikidata.org/entity/Q2012258,2609402
http://www.wikidata.org/entity/Q1811182,2609501
http://www.wikidata.org/entity/Q28301,2609600
http://www.wikidata.org/entity/Q2013693,2609709
http://www.wikidata.org/entity/Q2010863,2609808
http://www.wikidata.org/entity/Q2064430,2609907
http://www.wikidata.org/entity/Q547095,2610004
http://www.wikidata.org/entity/Q2011342,2610103
http://www.wikidata.org/entity/Q2013681,2610202
http://www.wikidata.org/entity/Q2011819,2610301
http://www.wikidata.org/entity/Q2101450,2610400
http://www.wikidata.org/entity/Q2011285,2610509
http://www.wikidata.org/entity/Q674432,2610608
http://www.wikidata.org/entity/Q949833,2610707
http://www.wikidata.org/entity/Q2013605,2610806
http://www.wikidata.org/entity/Q1008230,2610905
http://www.wikidata.org/entity/Q2106455,2611002
http://www.wikidata.org/entity/Q842143,2611101
http://www.wikidata.org/entity/Q1809609,2611200
http://www.wikidata.org/entity/Q2309699,2611309
http://www.wikidata.org/entity/Q2099821,2611408
http://www.wikidata.org/entity/Q2011039,2611507
http://www.wikidata.org/entity/Q2034566,2611533
http://www.wikidata.org/entity/Q48344,2611606
http://www.wikidata.org/entity/Q1964406,2611705
http://www.wikidata.org/entity/Q2088935,2611804
http://www.wikidata.org/entity/Q2011054,2611903
http://www.wikidata.org/entity/Q257236,2612000
http://www.wikidata.org/entity/Q2278378,2612109
http://www.wikidata.org/entity/Q2102772,2612208
http://www.wikidata.org/entity/Q2065190,2612307
http://www.wikidata.org/entity/Q1991944,2612406
http://www.wikidata.org/entity/Q2430789,2612455
http://www.wikidata.org/entity/Q2010927,2612471
http://www.wikidata.org/entity/Q2082237,2612505
http://www.wikidata.org/entity/Q2088926,2612554
http://www.wikidata.org/entity/Q2010898,2612604
http://www.wikidata.org/entity/Q2013573,2612703
http://www.wikidata.org/entity/Q2456298,2612802
http://www.wikidata.org/entity/Q2010993,2612901
http://www.wikidata.org/entity/Q2078660,2613008
http://www.wikidata.org/entity/Q777635,2613107
http://www.wikidata.org/entity/Q2355766,2613206
http://www.wikidata.org/entity/Q2013565,2613305
http://www.wikidata.org/entity/Q573729,2613404
http://www.wikidata.org/entity/Q2011317,2613503
http://www.wikidata.org/entity/Q1911145,2613602
http://www.wikidata.org/entity/Q1796467,2613701
http://www.wikidata.org/entity/Q2097693,2613800
http://www.wikidata.org/entity/Q2000133,2613909
http://www.wikidata.org/entity/Q2013706,2614006
http://www.wikidata.org/entity/Q2011023,2614105
http://www.wikidata.org/entity/Q929655,2614204
http://www.wikidata.org/entity/Q2011296,2614303
http://www.wikidata.org/entity/Q2064859,2614402
http://www.wikidata.org/entity/Q2064701,2614501
http://www.wikidata.org/entity/Q2078322,2614600
http://www.wikidata.org/entity/Q2013728,2614709
http://www.wikidata.org/entity/Q2011003,2614808
http://www.wikidata.org/entity/Q2011531,2614857
http://www.wikidata.org/entity/Q2011859,2615003
http://www.wikidata.org/entity/Q2064935,2615102
http://www.wikidata.org/entity/Q2604168,2615201
http://www.wikidata.org/entity/Q929867,2615300
http://www.wikidata.org/entity/Q2013594,2615409
http://www.wikidata.org/entity/Q1870479,2615508
http://www.wikidata.org/entity/Q2355756,2615607
http://www.wikidata.org/entity/Q679786,2615706
http://www.wikidata.org/entity/Q1804078,2615805
http://www.wikidata.org/entity/Q2077835,2615904
http://www.wikidata.org/entity/Q1804048,2616001
http://www.wikidata.org/entity/Q2013582,2616100
http://www.wikidata.org/entity/Q2013655,2616183
http://www.wikidata.org/entity/Q2065306,2616209
http://www.wikidata.org/entity/Q2010783,2616308
http://www.wikidata.org/entity/Q985685,2616407
http://www.wikidata.org/entity/Q1111243,2616506
http://www.wikidata.org/entity/Q1808899,2700102
http://www.wikidata.org/entity/Q2028005,2700201
http://www.wikidata.org/entity/Q626175,2700300
http://www.wikidata.org/entity/Q928274,2700409
http://www.wikidata.org/entity/Q1795908,2700508
http://www.wikidata.org/entity/Q2027348,2700607
http://www.wikidata.org/entity/Q2028288,2700706
http://www.wikidata.org/entity/Q2028301,2700805
http://www.wikidata.org/entity/Q1795566,2700904
http://www.wikidata.org/entity/Q1772672,2701001
http://www.wikidata.org/entity/Q2021035,2701100
http://www.wikidata.org/entity/Q1808791,2701209
http://www.wikidata.org/entity/Q2019063,2701308
http://www.wikidata.org/entity/Q2028637,2701357
http://www.wikidata.org/entity/Q2028275,2701407
http://www.wikidata.org/entity/Q1814259,2701506
http://www.wikidata.org/entity/Q1796020,2701605
http://www.wikidata.org/entity/Q1955261,2701704
http://www.wikidata.org/entity/Q1808880,2701803
http://www.wikidata.org/entity/Q2021044,2701902
http://www.wikidata.org/entity/Q1816142,2702009
http://www.wikidata.org/entity/Q1795581,2702108
http://www.wikidata.org/entity/Q1816094,2702207
http://www.wikidata.org/entity/Q1796426,2702306
http://www.wikidata.org/entity/Q1795950,2702355
http://www.wikidata.org/entity/Q1808849,2702405
http://www.wikidata.org/entity/Q988800,2702504
http://www.wikidata.org/entity/Q1795573,2702553
http://www.wikidata.org/entity/Q520936,2702603
http://www.wikidata.org/entity/Q649495,2702702
http://www.wikidata.org/entity/Q1816177,2702801
http://www.wikidata.org/entity/Q768122,2702900
http://www.wikidata.org/entity/Q2021130,2703007
http://www.wikidata.org/entity/Q1808097,2703106
http://www.wikidata.org/entity/Q594183,2703205
http://www.wikidata.org/entity/Q2021140,2703304
http://www.wikidata.org/entity/Q1816248,2703403
http://www.wikidata.org/entity/Q1808734,2703502
http://www.wikidata.org/entity/Q1808087,2703601
http://www.wikidata.org/entity/Q1815918,2703700
http://www.wikidata.org/entity/Q1808524,2703759
http://www.wikidata.org/entity/Q2027123,2703809
http://www.wikidata.org/entity/Q2020978,2703908
http://www.wikidata.org/entity/Q1808328,2704005
http://www.wikidata.org/entity/Q1795976,2704104
http://www.wikidata.org/entity/Q961349,2704203
http://www.wikidata.org/entity/Q168888,2704302
http://www.wikidata.org/entity/Q1808271,2704401
http://www.wikidata.org/entity/Q971736,2704500
http://www.wikidata.org/entity/Q1814508,2704609
http://www.wikidata.org/entity/Q985275,2704708
http://www.wikidata.org/entity/Q2021217,2704807
http://www.wikidata.org/entity/Q2028214,2704906
http://www.wikidata.org/entity/Q2027641,2705002
http://www.wikidata.org/entity/Q2013614,2705101
http://www.wikidata.org/entity/Q2028160,2705200
http://www.wikidata.org/entity/Q767029,2705309
http://www.wikidata.org/entity/Q2013634,2705408
http://www.wikidata.org/entity/Q1795628,2705507
http://www.wikidata.org/entity/Q1816167,2705606
http://www.wikidata.org/entity/Q1815966,2705705
http://www.wikidata.org/entity/Q1808294,2705804
http://www.wikidata.org/entity/Q1795548,2705903
http://www.wikidata.org/entity/Q950712,2706000
http://www.wikidata.org/entity/Q2355814,2706109
http://www.wikidata.org/entity/Q511396,2706208
http://www.wikidata.org/entity/Q948268,2706307
http://www.wikidata.org/entity/Q2027100,2706406
http://www.wikidata.org/entity/Q1795935,2706422
http://www.wikidata.org/entity/Q1795979,2706448
http://www.wikidata.org/entity/Q1772652,2706505
http://www.wikidata.org/entity/Q1800877,2706604
http://www.wikidata.org/entity/Q1772658,2706703
http://www.wikidata.org/entity/Q1772595,2706802
http://www.wikidata.org/entity/Q2013557,2706901
http://www.wikidata.org/entity/Q1800867,2707008
http://www.wikidata.org/entity/Q1998967,2707107
http://www.wikidata.org/entity/Q1795960,2707206
http://www.wikidata.org/entity/Q1772636,2707305
http://www.wikidata.org/entity/Q1796131,2707404
http://www.wikidata.org/entity/Q22036573,2707503
http://www.wikidata.org/entity/Q1772591,2707602
http://www.wikidata.org/entity/Q530211,2707701
http://www.wikidata.org/entity/Q2015625,2707800
http://www.wikidata.org/entity/Q1816274,2707909
http://www.wikidata.org/entity/Q2021116,2708006
http://www.wikidata.org/entity/Q1808118,2708105
http://www.wikidata.org/entity/Q22035039,2708204
http://www.wikidata.org/entity/Q1808170,2708303
http://www.wikidata.org/entity/Q1808190,2708402
http://www.wikidata.org/entity/Q1808105,2708501
http://www.wikidata.org/entity/Q1816037,2708600
http://www.wikidata.org/entity/Q740975,2708709
http://www.wikidata.org/entity/Q2014339,2708808
http://www.wikidata.org/entity/Q1795925,2708907
http://www.wikidata.org/entity/Q1795898,2708956
http://www.wikidata.org/entity/Q1772722,2709004
http://www.wikidata.org/entity/Q22061199,2709103
http://www.wikidata.org/entity/Q1795888,2709152
http://www.wikidata.org/entity/Q1772703,2709202
http://www.wikidata.org/entity/Q22063263,2709301
http://www.wikidata.org/entity/Q22063262,2709400
http://www.wikidata.org/entity/Q1802043,2800100
http://www.wikidata.org/entity/Q2013098,2800209
http://www.wikidata.org/entity/Q170578,2800308
http://www.wikidata.org/entity/Q1802037,2800407
http://www.wikidata.org/entity/Q949854,2800506
http://www.wikidata.org/entity/Q1784872,2800605
http://www.wikidata.org/entity/Q746187,2800670
http://www.wikidata.org/entity/Q1802013,2800704
http://www.wikidata.org/entity/Q1801972,2801009
http://www.wikidata.org/entity/Q1801984,2801108
http://www.wikidata.org/entity/Q1807399,2801207
http://www.wikidata.org/entity/Q726730,2801306
http://www.wikidata.org/entity/Q2013076,2801405
http://www.wikidata.org/entity/Q1801997,2801504
http://www.wikidata.org/entity/Q2013083,2801603
http://www.wikidata.org/entity/Q1802492,2801702
http://www.wikidata.org/entity/Q656402,2801900
http://www.wikidata.org/entity/Q1802021,2802007
http://www.wikidata.org/entity/Q1005942,2802106
http://www.wikidata.org/entity/Q2078439,2802205
http://www.wikidata.org/entity/Q588822,2802304
http://www.wikidata.org/entity/Q2013193,2802403
http://www.wikidata.org/entity/Q1802002,2802502
http://www.wikidata.org/entity/Q647366,2802601
http://www.wikidata.org/entity/Q1801964,2802700
http://www.wikidata.org/entity/Q2013163,2802809
http://www.wikidata.org/entity/Q1784050,2802908
http://www.wikidata.org/entity/Q1802007,2803005
http://www.wikidata.org/entity/Q1929327,2803104
http://www.wikidata.org/entity/Q1807361,2803203
http://www.wikidata.org/entity/Q2013178,2803302
http://www.wikidata.org/entity/Q1112881,2803401
http://www.wikidata.org/entity/Q2288052,2803500
http://www.wikidata.org/entity/Q2014486,2803609
http://www.wikidata.org/entity/Q2013214,2803708
http://www.wikidata.org/entity/Q2078302,2803807
http://www.wikidata.org/entity/Q2013198,2803906
http://www.wikidata.org/entity/Q609459,2804003
http://www.wikidata.org/entity/Q1857645,2804102
http://www.wikidata.org/entity/Q22038204,2804201
http://www.wikidata.org/entity/Q2079696,2804300
http://www.wikidata.org/entity/Q2011928,2804409
http://www.wikidata.org/entity/Q2089228,2804458
http://www.wikidata.org/entity/Q22038535,2804508
http://www.wikidata.org/entity/Q22038537,2804607
http://www.wikidata.org/entity/Q2011901,2804706
http://www.wikidata.org/entity/Q1800687,2804805
http://www.wikidata.org/entity/Q2307488,2804904
http://www.wikidata.org/entity/Q2078330,2805000
http://www.wikidata.org/entity/Q2013116,2805109
http://www.wikidata.org/entity/Q2171696,2805208
http://www.wikidata.org/entity/Q1809608,2805307
http://www.wikidata.org/entity/Q430927,2805406
http://www.wikidata.org/entity/Q22036374,2805505
http://www.wikidata.org/entity/Q2014466,2805604
http://www.wikidata.org/entity/Q1807371,2805703
http://www.wikidata.org/entity/Q22034271,2805802
http://www.wikidata.org/entity/Q2347679,2805901
http://www.wikidata.org/entity/Q2079747,2806008
http://www.wikidata.org/entity/Q2013205,2806107
http://www.wikidata.org/entity/Q2013090,2806206
http://www.wikidata.org/entity/Q2089266,2806305
http://www.wikidata.org/entity/Q668375,2806404
http://www.wikidata.org/entity/Q2083175,2806503
http://www.wikidata.org/entity/Q371369,2806602
http://www.wikidata.org/entity/Q839003,2806701
http://www.wikidata.org/entity/Q1999718,2806800
http://www.wikidata.org/entity/Q2331416,2806909
http://www.wikidata.org/entity/Q2089289,2807006
http://www.wikidata.org/entity/Q1848973,2807105
http://www.wikidata.org/entity/Q1975957,2807204
http://www.wikidata.org/entity/Q22063215,2807303
http://www.wikidata.org/entity/Q22033542,2807402
http://www.wikidata.org/entity/Q22033560,2807501
http://www.wikidata.org/entity/Q22063214,2807600
http://www.wikidata.org/entity/Q1645077,2900108
http://www.wikidata.org/entity/Q1647789,2900207
http://www.wikidata.org/entity/Q1761962,2900306
http://www.wikidata.org/entity/Q1762152,2900355
http://www.wikidata.org/entity/Q1762459,2900405
http://www.wikidata.org/entity/Q1793641,2900504
http://www.wikidata.org/entity/Q560381,2900603
http://www.wikidata.org/entity/Q22050101,2900702
http://www.wikidata.org/entity/Q22063205,2900801
http://www.wikidata.org/entity/Q1762121,2900900
http://www.wikidata.org/entity/Q1648060,2901007
http://www.wikidata.org/entity/Q654725,2901106
http://www.wikidata.org/entity/Q1762100,2901155
http://www.wikidata.org/entity/Q1772546,2901205
http://www.wikidata.org/entity/Q490022,2901304
http://www.wikidata.org/entity/Q1796352,2901353
http://www.wikidata.org/entity/Q1762342,2901403
http://www.wikidata.org/entity/Q1761950,2901502
http://www.wikidata.org/entity/Q22063195,2901601
http://www.wikidata.org/entity/Q1772510,2901700
http://www.wikidata.org/entity/Q1772563,2901809
http://www.wikidata.org/entity/Q1762391,2901908
http://www.wikidata.org/entity/Q1772630,2901957
http://www.wikidata.org/entity/Q1762365,2902005
http://www.wikidata.org/entity/Q1762140,2902054
http://www.wikidata.org/entity/Q22063188,2902104
http://www.wikidata.org/entity/Q1762004,2902203
http://www.wikidata.org/entity/Q1648079,2902252
http://www.wikidata.org/entity/Q1762335,2902302
http://www.wikidata.org/entity/Q513600,2902401
http://www.wikidata.org/entity/Q1761984,2902500
http://www.wikidata.org/entity/Q1762467,2902609
http://www.wikidata.org/entity/Q1761992,2902658
http://www.wikidata.org/entity/Q2013948,2902708
http://www.wikidata.org/entity/Q1795377,2902807
http://www.wikidata.org/entity/Q1761997,2902906
http://www.wikidata.org/entity/Q1761974,2903003
http://www.wikidata.org/entity/Q1761936,2903102
http://www.wikidata.org/entity/Q1384520,2903201
http://www.wikidata.org/entity/Q2028167,2903235
http://www.wikidata.org/entity/Q1808142,2903276
http://www.wikidata.org/entity/Q1761886,2903300
http://www.wikidata.org/entity/Q816112,2903409
http://www.wikidata.org/entity/Q642874,2903508
http://www.wikidata.org/entity/Q865464,2903607
http://www.wikidata.org/entity/Q1772514,2903706
http://www.wikidata.org/entity/Q770067,2903805
http://www.wikidata.org/entity/Q891727,2903904
http://www.wikidata.org/entity/Q1762021,2903953
http://www.wikidata.org/entity/Q1795278,2904001
http://www.wikidata.org/entity/Q1808128,2904050
http://www.wikidata.org/entity/Q1772521,2904100
http://www.wikidata.org/entity/Q1762094,2904209
http://www.wikidata.org/entity/Q1800651,2904308
http://www.wikidata.org/entity/Q1761968,2904407
http://www.wikidata.org/entity/Q1762399,2904506
http://www.wikidata.org/entity/Q1808298,2904605
http://www.wikidata.org/entity/Q1761955,2904704
http://www.wikidata.org/entity/Q1795342,2904753
http://www.wikidata.org/entity/Q1648887,2904803
http://www.wikidata.org/entity/Q980565,2904852
http://www.wikidata.org/entity/Q985576,2904902
http://www.wikidata.org/entity/Q1795313,2905008
http://www.wikidata.org/entity/Q1946795,2905107
http://www.wikidata.org/entity/Q1762013,2905156
http://www.wikidata.org/entity/Q1795371,2905206
http://www.wikidata.org/entity/Q1808307,2905305
http://www.wikidata.org/entity/Q960632,2905404
http://www.wikidata.org/entity/Q283971,2905503
http://www.wikidata.org/entity/Q1772542,2905602
http://www.wikidata.org/entity/Q1136204,2905701
http://www.wikidata.org/entity/Q1795776,2905800
http://www.wikidata.org/entity/Q1798839,2905909
http://www.wikidata.org/entity/Q1808046,2906006
http://www.wikidata.org/entity/Q1806851,2906105
http://www.wikidata.org/entity/Q674476,2906204
http://www.wikidata.org/entity/Q1772515,2906303
http://www.wikidata.org/entity/Q1795769,2906402
http://www.wikidata.org/entity/Q1762379,2906501
http://www.wikidata.org/entity/Q1798833,2906600
http://www.wikidata.org/entity/Q597716,2906709
http://www.wikidata.org/entity/Q508999,2906808
http://www.wikidata.org/entity/Q653656,2906824
http://www.wikidata.org/entity/Q961459,2906857
http://www.wikidata.org/entity/Q1795362,2906873
http://www.wikidata.org/entity/Q1800637,2906899
http://www.wikidata.org/entity/Q985956,2906907
http://www.wikidata.org/entity/Q1761958,2907004
http://www.wikidata.org/entity/Q985608,2907103
http://www.wikidata.org/entity/Q1795593,2907202
http://www.wikidata.org/entity/Q1764155,2907301
http://www.wikidata.org/entity/Q747832,2907400
http://www.wikidata.org/entity/Q1762371,2907509
http://www.wikidata.org/entity/Q1795587,2907558
http://www.wikidata.org/entity/Q2021433,2907608
http://www.wikidata.org/entity/Q1796395,2907707
http://www.wikidata.org/entity/Q1761858,2907806
http://www.wikidata.org/entity/Q1762353,2907905
http://www.wikidata.org/entity/Q264690,2908002
http://www.wikidata.org/entity/Q2028150,2908101
http://www.wikidata.org/entity/Q1762474,2908200
http://www.wikidata.org/entity/Q1772585,2908309
http://www.wikidata.org/entity/Q1772525,2908408
http://www.wikidata.org/entity/Q988781,2908507
http://www.wikidata.org/entity/Q1003399,2908606
http://www.wikidata.org/entity/Q596466,2908705
http://www.wikidata.org/entity/Q1796433,2908804
http://www.wikidata.org/entity/Q1762086,2908903
http://www.wikidata.org/entity/Q1800634,2909000
http://www.wikidata.org/entity/Q1645061,2909109
http://www.wikidata.org/entity/Q1772667,2909208
http://www.wikidata.org/entity/Q1061205,2909307
http://www.wikidata.org/entity/Q1761906,2909406
http://www.wikidata.org/entity/Q1795391,2909505
http://www.wikidata.org/entity/Q578451,2909604
http://www.wikidata.org/entity/Q1761896,2909703
http://www.wikidata.org/entity/Q1648067,2909802
http://www.wikidata.org/entity/Q677518,2909901
http://www.wikidata.org/entity/Q776188,2910008
http://www.wikidata.org/entity/Q1761912,2910057
http://www.wikidata.org/entity/Q963778,2910107
http://www.wikidata.org/entity/Q1761928,2910206
http://www.wikidata.org/entity/Q1772552,2910305
http://www.wikidata.org/entity/Q1795353,2910404
http://www.wikidata.org/entity/Q1806968,2910503
http://www.wikidata.org/entity/Q1772504,2910602
http://www.wikidata.org/entity/Q2013802,2910701
http://www.wikidata.org/entity/Q1796277,2910727
http://www.wikidata.org/entity/Q1808436,2910750
http://www.wikidata.org/entity/Q1762060,2910776
http://www.wikidata.org/entity/Q194343,2910800
http://www.wikidata.org/entity/Q2019006,2910859
http://www.wikidata.org/entity/Q1761918,2910909
http://www.wikidata.org/entity/Q1761890,2911006
http://www.wikidata.org/entity/Q1762128,2911105
http://www.wikidata.org/entity/Q727944,2911204
http://www.wikidata.org/entity/Q1795321,2911253
http://www.wikidata.org/entity/Q1795290,2911303
http://www.wikidata.org/entity/Q632744,2911402
http://www.wikidata.org/entity/Q1762146,2911501
http://www.wikidata.org/entity/Q1761869,2911600
http://www.wikidata.org/entity/Q1796414,2911659
http://www.wikidata.org/entity/Q786924,2911709
http://www.wikidata.org/entity/Q1798829,2911808
http://www.wikidata.org/entity/Q2019055,2911857
http://www.wikidata.org/entity/Q1762080,2911907
http://www.wikidata.org/entity/Q1800654,2912004
http://www.wikidata.org/entity/Q741470,2912103
http://www.wikidata.org/entity/Q968962,2912202
http://www.wikidata.org/entity/Q1795367,2912301
http://www.wikidata.org/entity/Q1798809,2912400
http://www.wikidata.org/entity/Q1800648,2912509
http://www.wikidata.org/entity/Q1772606,2912608
http://www.wikidata.org/entity/Q1647812,2912707
http://www.wikidata.org/entity/Q985979,2912806
http://www.wikidata.org/entity/Q1772538,2912905
http://www.wikidata.org/entity/Q1798843,2913002
http://www.wikidata.org/entity/Q1795384,2913101
http://www.wikidata.org/entity/Q1761863,2913200
http://www.wikidata.org/entity/Q1795380,2913309
http://www.wikidata.org/entity/Q1795332,2913408
http://www.wikidata.org/entity/Q1795302,2913457
http://www.wikidata.org/entity/Q1762385,2913507
http://www.wikidata.org/entity/Q373705,2913606
http://www.wikidata.org/entity/Q589992,2913705
http://www.wikidata.org/entity/Q605861,2913804
http://www.wikidata.org/entity/Q1625857,2913903
http://www.wikidata.org/entity/Q2026825,2914000
http://www.wikidata.org/entity/Q526769,2914109
http://www.wikidata.org/entity/Q1795122,2914208
http://www.wikidata.org/entity/Q1795815,2914307
http://www.wikidata.org/entity/Q1795271,2914406
http://www.wikidata.org/entity/Q1648734,2914505
http://www.wikidata.org/entity/Q1762180,2914604
http://www.wikidata.org/entity/Q1798824,2914653
http://www.wikidata.org/entity/Q1800730,2914703
http://www.wikidata.org/entity/Q460750,2914802
http://www.wikidata.org/entity/Q985513,2914901
http://www.wikidata.org/entity/Q509976,2915007
http://www.wikidata.org/entity/Q1795795,2915106
http://www.wikidata.org/entity/Q782196,2915205
http://www.wikidata.org/entity/Q1795765,2915304
http://www.wikidata.org/entity/Q1800628,2915353
http://www.wikidata.org/entity/Q1762055,2915403
http://www.wikidata.org/entity/Q1772508,2915502
http://www.wikidata.org/entity/Q943536,2915601
http://www.wikidata.org/entity/Q1647799,2915700
http://www.wikidata.org/entity/Q686304,2915809
http://www.wikidata.org/entity/Q965644,2915908
http://www.wikidata.org/entity/Q1795733,2916005
http://www.wikidata.org/entity/Q1772662,2916104
http://www.wikidata.org/entity/Q1796349,2916203
http://www.wikidata.org/entity/Q966857,2916302
http://www.wikidata.org/entity/Q921827,2916401
http://www.wikidata.org/entity/Q1795161,2916500
http://www.wikidata.org/entity/Q583180,2916609
http://www.wikidata.org/entity/Q686137,2916708
http://www.wikidata.org/entity/Q1795784,2916807
http://www.wikidata.org/entity/Q1795128,2916856
http://www.wikidata.org/entity/Q609737,2916906
http://www.wikidata.org/entity/Q1807777,2917003
http://www.wikidata.org/entity/Q1798854,2917102
http://www.wikidata.org/entity/Q1795113,2917201
http://www.wikidata.org/entity/Q1795108,2917300
http://www.wikidata.org/entity/Q1795133,2917334
http://www.wikidata.org/entity/Q2027295,2917359
http://www.wikidata.org/entity/Q683315,2917409
http://www.wikidata.org/entity/Q1798719,2917508
http://www.wikidata.org/entity/Q733973,2917607
http://www.wikidata.org/entity/Q1070926,2917706
http://www.wikidata.org/entity/Q1761843,2917805
http://www.wikidata.org/entity/Q1999691,2917904
http://www.wikidata.org/entity/Q630203,2918001
http://www.wikidata.org/entity/Q1761820,2918100
http://www.wikidata.org/entity/Q1795144,2918209
http://www.wikidata.org/entity/Q1798820,2918308
http://www.wikidata.org/entity/Q1795137,2918357
http://www.wikidata.org/entity/Q753044,2918407
http://www.wikidata.org/entity/Q1795150,2918456
http://www.wikidata.org/entity/Q1431410,2918506
http://www.wikidata.org/entity/Q338795,2918555
http://www.wikidata.org/entity/Q935612,2918605
http://www.wikidata.org/entity/Q1795742,2918704
http://www.wikidata.org/entity/Q1794388,2918753
http://www.wikidata.org/entity/Q1793368,2918803
http://www.wikidata.org/entity/Q988768,2918902
http://www.wikidata.org/entity/Q1761765,2919009
http://www.wikidata.org/entity/Q1794888,2919058
http://www.wikidata.org/entity/Q1794383,2919108
http://www.wikidata.org/entity/Q1761847,2919157
http://www.wikidata.org/entity/Q905164,2919207
http://www.wikidata.org/entity/Q1762223,2919306
http://www.wikidata.org/entity/Q1793470,2919405
http://www.wikidata.org/entity/Q1793460,2919504
http://www.wikidata.org/entity/Q1808537,2919553
http://www.wikidata.org/entity/Q1761781,2919603
http://www.wikidata.org/entity/Q1794428,2919702
http://www.wikidata.org/entity/Q776627,2919801
http://www.wikidata.org/entity/Q1793587,2919900
http://www.wikidata.org/entity/Q985510,2919926
http://www.wikidata.org/entity/Q1794883,2919959
http://www.wikidata.org/entity/Q1794943,2920007
http://www.wikidata.org/entity/Q1795253,2920106
http://www.wikidata.org/entity/Q743654,2920205
http://www.wikidata.org/entity/Q1794419,2920304
http://www.wikidata.org/entity/Q1772681,2920403
http://www.wikidata.org/entity/Q1761788,2920452
http://www.wikidata.org/entity/Q1795100,2920502
http://www.wikidata.org/entity/Q1761467,2920601
http://www.wikidata.org/entity/Q2028783,2920700
http://www.wikidata.org/entity/Q1794252,2920809
http://www.wikidata.org/entity/Q956401,2920908
http://www.wikidata.org/entity/Q648152,2921005
http://www.wikidata.org/entity/Q2021098,2921054
http://www.wikidata.org/entity/Q1794359,2921104
http://www.wikidata.org/entity/Q1793651,2921203
http://www.wikidata.org/entity/Q1807019,2921302
http://www.wikidata.org/entity/Q677956,2921401
http://www.wikidata.org/entity/Q1794459,2921450
http://www.wikidata.org/entity/Q1808562,2921500
http://www.wikidata.org/entity/Q1794435,2921609
http://www.wikidata.org/entity/Q1807821,2921708
http://www.wikidata.org/entity/Q1793482,2921807
http://www.wikidata.org/entity/Q1762166,2921906
http://www.wikidata.org/entity/Q1761474,2922003
http://www.wikidata.org/entity/Q1794935,2922052
http://www.wikidata.org/entity/Q1984590,2922102
http://www.wikidata.org/entity/Q1793732,2922201
http://www.wikidata.org/entity/Q1793568,2922250
http://www.wikidata.org/entity/Q988684,2922300
http://www.wikidata.org/entity/Q975660,2922409
http://www.wikidata.org/entity/Q1808393,2922508
http://www.wikidata.org/entity/Q1809660,2922607
http://www.wikidata.org/entity/Q1793758,2922656
http://www.wikidata.org/entity/Q1807966,2922706
http://www.wikidata.org/entity/Q1806993,2922730
http://www.wikidata.org/entity/Q1762106,2922755
http://www.wikidata.org/entity/Q1795079,2922805
http://www.wikidata.org/entity/Q1794393,2922854
http://www.wikidata.org/entity/Q1772518,2922904
http://www.wikidata.org/entity/Q1794050,2923001
http://www.wikidata.org/entity/Q609691,2923035
http://www.wikidata.org/entity/Q1762358,2923050
http://www.wikidata.org/entity/Q1648508,2923100
http://www.wikidata.org/entity/Q1795068,2923209
http://www.wikidata.org/entity/Q1793921,2923308
http://www.wikidata.org/entity/Q943355,2923357
http://www.wikidata.org/entity/Q1793599,2923407
http://www.wikidata.org/entity/Q924839,2923506
http://www.wikidata.org/entity/Q1793379,2923605
http://www.wikidata.org/entity/Q1793885,2923704
http://www.wikidata.org/entity/Q1761881,2923803
http://www.wikidata.org/entity/Q1772557,2923902
http://www.wikidata.org/entity/Q956008,2924009
http://www.wikidata.org/entity/Q1762483,2924058
http://www.wikidata.org/entity/Q1795191,2924108
http://www.wikidata.org/entity/Q928887,2924207
http://www.wikidata.org/entity/Q1794925,2924306
http://www.wikidata.org/entity/Q1793323,2924405
http://www.wikidata.org/entity/Q1793873,2924504
http://www.wikidata.org/entity/Q1794448,2924603
http://www.wikidata.org/entity/Q1807758,2924652
http://www.wikidata.org/entity/Q1807812,2924678
http://www.wikidata.org/entity/Q1794920,2924702
http://www.wikidata.org/entity/Q1807706,2924801
http://www.wikidata.org/entity/Q1793630,2924900
http://www.wikidata.org/entity/Q1807747,2925006
http://www.wikidata.org/entity/Q1793430,2925105
http://www.wikidata.org/entity/Q1794165,2925204
http://www.wikidata.org/entity/Q1935495,2925253
http://www.wikidata.org/entity/Q499922,2925303
http://www.wikidata.org/entity/Q1793451,2925402
http://www.wikidata.org/entity/Q1807887,2925501
http://www.wikidata.org/entity/Q1807030,2925600
http://www.wikidata.org/entity/Q1772530,2925709
http://www.wikidata.org/entity/Q1796453,2925758
http://www.wikidata.org/entity/Q1808402,2925808
http://www.wikidata.org/entity/Q1793720,2925907
http://www.wikidata.org/entity/Q1811500,2925931
http://www.wikidata.org/entity/Q733562,2925956
http://www.wikidata.org/entity/Q1794265,2926004
http://www.wikidata.org/entity/Q1793610,2926103
http://www.wikidata.org/entity/Q1762348,2926202
http://www.wikidata.org/entity/Q1794367,2926301
http://www.wikidata.org/entity/Q2013792,2926400
http://www.wikidata.org/entity/Q1761834,2926509
http://www.wikidata.org/entity/Q1793776,2926608
http://www.wikidata.org/entity/Q775530,2926657
http://www.wikidata.org/entity/Q1649466,2926707
http://www.wikidata.org/entity/Q2345752,2926806
http://www.wikidata.org/entity/Q582989,2926905
http://www.wikidata.org/entity/Q965807,2927002
http://www.wikidata.org/entity/Q1795086,2927101
http://www.wikidata.org/entity/Q1807858,2927200
http://www.wikidata.org/entity/Q1907408,2927309
http://www.wikidata.org/entity/Q36947,2927408
http://www.wikidata.org/entity/Q2027840,2927507
http://www.wikidata.org/entity/Q1808347,2927606
http://www.wikidata.org/entity/Q993466,2927705
http://www.wikidata.org/entity/Q1761901,2927804
http://www.wikidata.org/entity/Q512109,2927903
http://www.wikidata.org/entity/Q1793861,2928000
http://www.wikidata.org/entity/Q1808500,2928059
http://www.wikidata.org/entity/Q1761852,2928109
http://www.wikidata.org/entity/Q2018997,2928208
http://www.wikidata.org/entity/Q1795202,2928307
http://www.wikidata.org/entity/Q1795224,2928406
http://www.wikidata.org/entity/Q1795259,2928505
http://www.wikidata.org/entity/Q739789,2928604
http://www.wikidata.org/entity/Q1764163,2928703
http://www.wikidata.org/entity/Q1794190,2928802
http://www.wikidata.org/entity/Q1761582,2928901
http://www.wikidata.org/entity/Q2019014,2928950
http://www.wikidata.org/entity/Q1939306,2929008
http://www.wikidata.org/entity/Q1794977,2929057
http://www.wikidata.org/entity/Q1794400,2929107
http://www.wikidata.org/entity/Q1648073,2929206
http://www.wikidata.org/entity/Q2019037,2929255
http://www.wikidata.org/entity/Q1793783,2929305
http://www.wikidata.org/entity/Q1647816,2929354
http://www.wikidata.org/entity/Q1807737,2929370
http://www.wikidata.org/entity/Q1794868,2929404
http://www.wikidata.org/entity/Q1793748,2929503
http://www.wikidata.org/entity/Q1793944,2929602
http://www.wikidata.org/entity/Q939237,2929701
http://www.wikidata.org/entity/Q1793933,2929750
http://www.wikidata.org/entity/Q2247752,2929800
http://www.wikidata.org/entity/Q1794971,2929909
http://www.wikidata.org/entity/Q1762159,2930006
http://www.wikidata.org/entity/Q1808316,2930105
http://www.wikidata.org/entity/Q600869,2930154
http://www.wikidata.org/entity/Q1793620,2930204
http://www.wikidata.org/entity/Q1794876,2930303
http://www.wikidata.org/entity/Q1793663,2930402
http://www.wikidata.org/entity/Q1008215,2930501
http://www.wikidata.org/entity/Q1807060,2930600
http://www.wikidata.org/entity/Q1645080,2930709
http://www.wikidata.org/entity/Q934110,2930758
http://www.wikidata.org/entity/Q1762134,2930766
http://www.wikidata.org/entity/Q646901,2930774
http://www.wikidata.org/entity/Q1793851,2930808
http://www.wikidata.org/entity/Q1761827,2930907
http://www.wikidata.org/entity/Q22062867,2931004
http://www.wikidata.org/entity/Q1793296,2931053
http://www.wikidata.org/entity/Q1793683,2931103
http://www.wikidata.org/entity/Q22062864,2931202
http://www.wikidata.org/entity/Q22062863,2931301
http://www.wikidata.org/entity/Q282335,2931350
http://www.wikidata.org/entity/Q22062859,2931400
http://www.wikidata.org/entity/Q1794862,2931509
http://www.wikidata.org/entity/Q1761874,2931608
http://www.wikidata.org/entity/Q22062856,2931707
http://www.wikidata.org/entity/Q22060578,2931806
http://www.wikidata.org/entity/Q22062855,2931905
http://www.wikidata.org/entity/Q22062854,2932002
http://www.wikidata.org/entity/Q22062853,2932101
http://www.wikidata.org/entity/Q1762068,2932200
http://www.wikidata.org/entity/Q22062851,2932309
http://www.wikidata.org/entity/Q1761773,2932408
http://www.wikidata.org/entity/Q1794957,2932457
http://www.wikidata.org/entity/Q22060576,2932507
http://www.wikidata.org/entity/Q1793579,2932606
http://www.wikidata.org/entity/Q22062848,2932705
http://www.wikidata.org/entity/Q22062847,2932804
http://www.wikidata.org/entity/Q1010498,2932903
http://www.wikidata.org/entity/Q22062845,2933000
http://www.wikidata.org/entity/Q1793392,2933059
http://www.wikidata.org/entity/Q1807715,2933109
http://www.wikidata.org/entity/Q1807767,2933158
http://www.wikidata.org/entity/Q1794173,2933174
http://www.wikidata.org/entity/Q22062840,2933208
http://www.wikidata.org/entity/Q631107,2933257
http://www.wikidata.org/entity/Q22062839,2933307
http://www.wikidata.org/entity/Q22062838,2933406
http://www.wikidata.org/entity/Q596359,2933455
http://www.wikidata.org/entity/Q580244,2933505
http://www.wikidata.org/entity/Q1762114,2933604
http://www.wikidata.org/entity/Q582223,3100104
http://www.wikidata.org/entity/Q1615444,3100203
http://www.wikidata.org/entity/Q1749816,3100302
http://www.wikidata.org/entity/Q1749743,3100401
http://www.wikidata.org/entity/Q1791887,3100500
http://www.wikidata.org/entity/Q2059260,3100609
http://www.wikidata.org/entity/Q1756079,3100708
http://www.wikidata.org/entity/Q691275,3100807
http://www.wikidata.org/entity/Q1756605,3100906
http://www.wikidata.org/entity/Q1756246,3101003
http://www.wikidata.org/entity/Q1650790,3101102
http://www.wikidata.org/entity/Q1749739,3101201
http://www.wikidata.org/entity/Q678420,3101300
http://www.wikidata.org/entity/Q986243,3101409
http://www.wikidata.org/entity/Q1756032,3101508
http://www.wikidata.org/entity/Q1755151,3101607
http://www.wikidata.org/entity/Q614671,3101631
http://www.wikidata.org/entity/Q979377,3101706
http://www.wikidata.org/entity/Q1792834,3101805
http://www.wikidata.org/entity/Q1757102,3101904
http://www.wikidata.org/entity/Q1756931,3102001
http://www.wikidata.org/entity/Q118945,3102050
http://www.wikidata.org/entity/Q1757130,3102100
http://www.wikidata.org/entity/Q22062812,3102209
http://www.wikidata.org/entity/Q370048,3102308
http://www.wikidata.org/entity/Q1756297,3102407
http://www.wikidata.org/entity/Q1793156,3102506
http://www.wikidata.org/entity/Q1754887,3102605
http://www.wikidata.org/entity/Q676007,3102704
http://www.wikidata.org/entity/Q503236,3102803
http://www.wikidata.org/entity/Q1756210,3102852
http://www.wikidata.org/entity/Q22062805,3102902
http://www.wikidata.org/entity/Q611911,3103009
http://www.wikidata.org/entity/Q1791977,3103108
http://www.wikidata.org/entity/Q1756217,3103207
http://www.wikidata.org/entity/Q968231,3103306
http://www.wikidata.org/entity/Q1749750,3103405
http://www.wikidata.org/entity/Q1637522,3103504
http://www.wikidata.org/entity/Q1756387,3103603
http://www.wikidata.org/entity/Q1749824,3103702
http://www.wikidata.org/entity/Q1756964,3103751
http://www.wikidata.org/entity/Q1793057,3103801
http://www.wikidata.org/entity/Q1756084,3103900
http://www.wikidata.org/entity/Q586057,3104007
http://www.wikidata.org/entity/Q1756612,3104106
http://www.wikidata.org/entity/Q22062794,3104205
http://www.wikidata.org/entity/Q1756284,3104304
http://www.wikidata.org/entity/Q1792090,3104403
http://www.wikidata.org/entity/Q1793027,3104452
http://www.wikidata.org/entity/Q617058,3104502
http://www.wikidata.org/entity/Q1756260,3104601
http://www.wikidata.org/entity/Q922716,3104700
http://www.wikidata.org/entity/Q1791783,3104809
http://www.wikidata.org/entity/Q947342,3104908
http://www.wikidata.org/entity/Q1756922,3105004
http://www.wikidata.org/entity/Q1756027,3105103
http://www.wikidata.org/entity/Q1756019,3105202
http://www.wikidata.org/entity/Q1756203,3105301
http://www.wikidata.org/entity/Q770910,3105400
http://www.wikidata.org/entity/Q1791836,3105509
http://www.wikidata.org/entity/Q807311,3105608
http://www.wikidata.org/entity/Q425598,3105707
http://www.wikidata.org/entity/Q1792962,3105905
http://www.wikidata.org/entity/Q1793085,3106002
http://www.wikidata.org/entity/Q1793075,3106101
http://www.wikidata.org/entity/Q42800,3106200
http://www.wikidata.org/entity/Q816123,3106309
http://www.wikidata.org/entity/Q1756538,3106408
http://www.wikidata.org/entity/Q1756010,3106507
http://www.wikidata.org/entity/Q1756857,3106606
http://www.wikidata.org/entity/Q1779991,3106655
http://www.wikidata.org/entity/Q737644,3106705
http://www.wikidata.org/entity/Q950047,3106804
http://www.wikidata.org/entity/Q1792282,3106903
http://www.wikidata.org/entity/Q1791946,3107000
http://www.wikidata.org/entity/Q22062767,3107109
http://www.wikidata.org/entity/Q1756950,3107208
http://www.wikidata.org/entity/Q1756928,3107307
http://www.wikidata.org/entity/Q891713,3107406
http://www.wikidata.org/entity/Q1791774,3107505
http://www.wikidata.org/entity/Q1793211,3107604
http://www.wikidata.org/entity/Q1754959,3107703
http://www.wikidata.org/entity/Q891733,3107802
http://www.wikidata.org/entity/Q784417,3107901
http://www.wikidata.org/entity/Q1805732,3108008
http://www.wikidata.org/entity/Q22062759,3108107
http://www.wikidata.org/entity/Q1792291,3108206
http://www.wikidata.org/entity/Q1791871,3108255
http://www.wikidata.org/entity/Q1792820,3108305
http://www.wikidata.org/entity/Q1756413,3108404
http://www.wikidata.org/entity/Q1749817,3108503
http://www.wikidata.org/entity/Q1792033,3108552
http://www.wikidata.org/entity/Q22062752,3108602
http://www.wikidata.org/entity/Q668048,3108701
http://www.wikidata.org/entity/Q252608,3108800
http://www.wikidata.org/entity/Q1749826,3108909
http://www.wikidata.org/entity/Q1751212,3109006
http://www.wikidata.org/entity/Q1792008,3109105
http://www.wikidata.org/entity/Q1756275,3109204
http://www.wikidata.org/entity/Q1793226,3109253
http://www.wikidata.org/entity/Q1792148,3109303
http://www.wikidata.org/entity/Q1792028,3109402
http://www.wikidata.org/entity/Q1756530,3109451
http://www.wikidata.org/entity/Q22062741,3109501
http://www.wikidata.org/entity/Q1792770,3109600
http://www.wikidata.org/entity/Q1756102,3109709
http://www.wikidata.org/entity/Q22062738,3109808
http://www.wikidata.org/entity/Q1792016,3109907
http://www.wikidata.org/entity/Q1755373,3110004
http://www.wikidata.org/entity/Q1791846,3110103
http://www.wikidata.org/entity/Q1756147,3110202
http://www.wikidata.org/entity/Q22062733,3110301
http://www.wikidata.org/entity/Q1756303,3110400
http://www.wikidata.org/entity/Q1754774,3110509
http://www.wikidata.org/entity/Q1756818,3110608
http://www.wikidata.org/entity/Q1754942,3110707
http://www.wikidata.org/entity/Q22062728,3110806
http://www.wikidata.org/entity/Q1780173,3110905
http://www.wikidata.org/entity/Q22062719,3111002
http://www.wikidata.org/entity/Q1756064,3111101
http://www.wikidata.org/entity/Q1792812,3111150
http://www.wikidata.org/entity/Q595804,3111200
http://www.wikidata.org/entity/Q581679,3111309
http://www.wikidata.org/entity/Q744740,3111408
http://www.wikidata.org/entity/Q585412,3111507
http://www.wikidata.org/entity/Q1791960,3111606
http://www.wikidata.org/entity/Q610966,3111705
http://www.wikidata.org/entity/Q22062710,3111804
http://www.wikidata.org/entity/Q1756972,3111903
http://www.wikidata.org/entity/Q1906206,3112000
http://www.wikidata.org/entity/Q22062707,3112059
http://www.wikidata.org/entity/Q742409,3112109
http://www.wikidata.org/entity/Q1792798,3112208
http://www.wikidata.org/entity/Q1756225,3112307
http://www.wikidata.org/entity/Q1791736,3112406
http://www.wikidata.org/entity/Q1792057,3112505
http://www.wikidata.org/entity/Q1791729,3112604
http://www.wikidata.org/entity/Q1791913,3112653
http://www.wikidata.org/entity/Q1791743,3112703
http://www.wikidata.org/entity/Q1257195,3112802
http://www.wikidata.org/entity/Q1756268,3112901
http://www.wikidata.org/entity/Q584168,3113008
http://www.wikidata.org/entity/Q1791921,3113107
http://www.wikidata.org/entity/Q1792927,3113206
http://www.wikidata.org/entity/Q1793063,3113305
http://www.wikidata.org/entity/Q905175,3113404
http://www.wikidata.org/entity/Q1756831,3113503
http://www.wikidata.org/entity/Q1791938,3113602
http://www.wikidata.org/entity/Q1650857,3113701
http://www.wikidata.org/entity/Q1791995,3113800
http://www.wikidata.org/entity/Q1793236,3113909
http://www.wikidata.org/entity/Q1792041,3114006
http://www.wikidata.org/entity/Q1756231,3114105
http://www.wikidata.org/entity/Q22062685,3114204
http://www.wikidata.org/entity/Q1792297,3114303
http://www.wikidata.org/entity/Q1756452,3114402
http://www.wikidata.org/entity/Q988774,3114501
http://www.wikidata.org/entity/Q734337,3114550
http://www.wikidata.org/entity/Q1756048,3114600
http://www.wikidata.org/entity/Q1756420,3114709
http://www.wikidata.org/entity/Q741443,3114808
http://www.wikidata.org/entity/Q1074537,3114907
http://www.wikidata.org/entity/Q1792827,3115003
http://www.wikidata.org/entity/Q1793175,3115102
http://www.wikidata.org/entity/Q1756293,3115201
http://www.wikidata.org/entity/Q1749746,3115300
http://www.wikidata.org/entity/Q771327,3115359
http://www.wikidata.org/entity/Q567987,3115409
http://www.wikidata.org/entity/Q1756976,3115458
http://www.wikidata.org/entity/Q1756871,3115474
http://www.wikidata.org/entity/Q829417,3115508
http://www.wikidata.org/entity/Q1791928,3115607
http://www.wikidata.org/entity/Q650650,3115706
http://www.wikidata.org/entity/Q1792154,3115805
http://www.wikidata.org/entity/Q1805747,3115904
http://www.wikidata.org/entity/Q1750610,3116001
http://www.wikidata.org/entity/Q1757078,3116100
http://www.wikidata.org/entity/Q1755991,3116159
http://www.wikidata.org/entity/Q685517,3116209
http://www.wikidata.org/entity/Q985574,3116308
http://www.wikidata.org/entity/Q747994,3116407
http://www.wikidata.org/entity/Q1791860,3116506
http://www.wikidata.org/entity/Q22062655,3116605
http://www.wikidata.org/entity/Q22062654,3116704
http://www.wikidata.org/entity/Q1780178,3116803
http://www.wikidata.org/entity/Q1756070,3116902
http://www.wikidata.org/entity/Q1793138,3117009
http://www.wikidata.org/entity/Q659342,3117108
http://www.wikidata.org/entity/Q478514,3117207
http://www.wikidata.org/entity/Q745089,3117306
http://www.wikidata.org/entity/Q636229,3117405
http://www.wikidata.org/entity/Q1792783,3117504
http://www.wikidata.org/entity/Q1793134,3117603
http://www.wikidata.org/entity/Q1756600,3117702
http://www.wikidata.org/entity/Q1792841,3117801
http://www.wikidata.org/entity/Q1792069,3117836
http://www.wikidata.org/entity/Q780786,3117876
http://www.wikidata.org/entity/Q1791942,3117900
http://www.wikidata.org/entity/Q275654,3118007
http://www.wikidata.org/entity/Q1792271,3118106
http://www.wikidata.org/entity/Q22062637,3118205
http://www.wikidata.org/entity/Q570312,3118304
http://www.wikidata.org/entity/Q1792851,3118403
http://www.wikidata.org/entity/Q1805751,3118502
http://www.wikidata.org/entity/Q271333,3118601
http://www.wikidata.org/entity/Q1792777,3118700
http://www.wikidata.org/entity/Q1779901,3118809
http://www.wikidata.org/entity/Q1792063,3118908
http://www.wikidata.org/entity/Q1792968,3119005
http://www.wikidata.org/entity/Q22062630,3119104
http://www.wikidata.org/entity/Q631277,3119203
http://www.wikidata.org/entity/Q22062628,3119302
http://www.wikidata.org/entity/Q80004,3119401
http://www.wikidata.org/entity/Q1756364,3119500
http://www.wikidata.org/entity/Q1791759,3119609
http://www.wikidata.org/entity/Q1756842,3119708
http://www.wikidata.org/entity/Q1756093,3119807
http://www.wikidata.org/entity/Q1792781,3119906
http://www.wikidata.org/entity/Q1756378,3119955
http://www.wikidata.org/entity/Q1791989,3120003
http://www.wikidata.org/entity/Q1792861,3120102
http://www.wikidata.org/entity/Q650484,3120151
http://www.wikidata.org/entity/Q1793151,3120201
http://www.wikidata.org/entity/Q1756196,3120300
http://www.wikidata.org/entity/Q1793189,3120409
http://www.wikidata.org/entity/Q1796446,3120508
http://www.wikidata.org/entity/Q640266,3120607
http://www.wikidata.org/entity/Q1791569,3120706
http://www.wikidata.org/entity/Q1756446,3120805
http://www.wikidata.org/entity/Q1791954,3120839
http://www.wikidata.org/entity/Q1792791,3120870
http://www.wikidata.org/entity/Q1749748,3120904
http://www.wikidata.org/entity/Q1791966,3121001
http://www.wikidata.org/entity/Q1780238,3121100
http://www.wikidata.org/entity/Q1792047,3121209
http://www.wikidata.org/entity/Q22062605,3121258
http://www.wikidata.org/entity/Q1792077,3121308
http://www.wikidata.org/entity/Q1791901,3121407
http://www.wikidata.org/entity/Q1756796,3121506
http://www.wikidata.org/entity/Q34028,3121605
http://www.wikidata.org/entity/Q2296402,3121704
http://www.wikidata.org/entity/Q1757121,3121803
http://www.wikidata.org/entity/Q1793145,3121902
http://www.wikidata.org/entity/Q1792807,3122009
http://www.wikidata.org/entity/Q1791982,3122108
http://www.wikidata.org/entity/Q1791876,3122207
http://www.wikidata.org/entity/Q926606,3122306
http://www.wikidata.org/entity/Q1791217,3122355
http://www.wikidata.org/entity/Q1756059,3122405
http://www.wikidata.org/entity/Q1756913,3122454
http://www.wikidata.org/entity/Q985964,3122470
http://www.wikidata.org/entity/Q1755986,3122504
http://www.wikidata.org/entity/Q1791176,3122603
http://www.wikidata.org/entity/Q1756586,3122702
http://www.wikidata.org/entity/Q1790610,3122801
http://www.wikidata.org/entity/Q1756805,3122900
http://www.wikidata.org/entity/Q1790636,3123007
http://www.wikidata.org/entity/Q1790727,3123106
http://www.wikidata.org/entity/Q1757114,3123205
http://www.wikidata.org/entity/Q1791405,3123304
http://www.wikidata.org/entity/Q1756593,3123403
http://www.wikidata.org/entity/Q1790742,3123502
http://www.wikidata.org/entity/Q1756936,3123528
http://www.wikidata.org/entity/Q939717,3123601
http://www.wikidata.org/entity/Q1791189,3123700
http://www.wikidata.org/entity/Q1756184,3123809
http://www.wikidata.org/entity/Q1791121,3123858
http://www.wikidata.org/entity/Q1790677,3123908
http://www.wikidata.org/entity/Q1757071,3124005
http://www.wikidata.org/entity/Q1791724,3124104
http://www.wikidata.org/entity/Q1790572,3124203
http://www.wikidata.org/entity/Q22062572,3124302
http://www.wikidata.org/entity/Q727483,3124401
http://www.wikidata.org/entity/Q1790777,3124500
http://www.wikidata.org/entity/Q1790684,3124609
http://www.wikidata.org/entity/Q942731,3124708
http://www.wikidata.org/entity/Q1790757,3124807
http://www.wikidata.org/entity/Q1790798,3124906
http://www.wikidata.org/entity/Q1790705,3125002
http://www.wikidata.org/entity/Q2008030,3125101
http://www.wikidata.org/entity/Q22062565,3125200
http://www.wikidata.org/entity/Q1791395,3125309
http://www.wikidata.org/entity/Q1790814,3125408
http://www.wikidata.org/entity/Q1787350,3125507
http://www.wikidata.org/entity/Q1758460,3125606
http://www.wikidata.org/entity/Q1756309,3125705
http://www.wikidata.org/entity/Q1791271,3125804
http://www.wikidata.org/entity/Q1791559,3125903
http://www.wikidata.org/entity/Q1791201,3125952
http://www.wikidata.org/entity/Q1791646,3126000
http://www.wikidata.org/entity/Q1791720,3126109
http://www.wikidata.org/entity/Q2007816,3126208
http://www.wikidata.org/entity/Q1790792,3126307
http://www.wikidata.org/entity/Q1791141,3126406
http://www.wikidata.org/entity/Q1756240,3126505
http://www.wikidata.org/entity/Q1790761,3126604
http://www.wikidata.org/entity/Q936907,3126703
http://www.wikidata.org/entity/Q1757095,3126752
http://www.wikidata.org/entity/Q1757083,3126802
http://www.wikidata.org/entity/Q1790695,3126901
http://www.wikidata.org/entity/Q1790769,3126950
http://www.wikidata.org/entity/Q999288,3127008
http://www.wikidata.org/entity/Q1756110,3127057
http://www.wikidata.org/entity/Q1791158,3127073
http://www.wikidata.org/entity/Q1790819,3127107
http://www.wikidata.org/entity/Q1757125,3127206
http://www.wikidata.org/entity/Q1805355,3127305
http://www.wikidata.org/entity/Q1756252,3127339
http://www.wikidata.org/entity/Q1756943,3127354
http://www.wikidata.org/entity/Q1805781,3127370
http://www.wikidata.org/entity/Q2007679,3127388
http://www.wikidata.org/entity/Q1970369,3127404
http://www.wikidata.org/entity/Q745774,3127503
http://www.wikidata.org/entity/Q19948781,3127602
http://www.wikidata.org/entity/Q462218,3127701
http://www.wikidata.org/entity/Q1754641,3127800
http://www.wikidata.org/entity/Q1791244,3127909
http://www.wikidata.org/entity/Q1756864,3128006
http://www.wikidata.org/entity/Q1791322,3128105
http://www.wikidata.org/entity/Q2008016,3128204
http://www.wikidata.org/entity/Q924739,3128253
http://www.wikidata.org/entity/Q1790645,3128303
http://www.wikidata.org/entity/Q1998473,3128402
http://www.wikidata.org/entity/Q1791579,3128501
http://www.wikidata.org/entity/Q1790555,3128600
http://www.wikidata.org/entity/Q1791417,3128709
http://www.wikidata.org/entity/Q1791163,3128808
http://www.wikidata.org/entity/Q1791357,3128907
http://www.wikidata.org/entity/Q1790795,3129004
http://www.wikidata.org/entity/Q1791508,3129103
http://www.wikidata.org/entity/Q2007752,3129202
http://www.wikidata.org/entity/Q1790564,3129301
http://www.wikidata.org/entity/Q1755880,3129400
http://www.wikidata.org/entity/Q1756458,3129509
http://www.wikidata.org/entity/Q1790622,3129608
http://www.wikidata.org/entity/Q1791078,3129657
http://www.wikidata.org/entity/Q1791289,3129707
http://www.wikidata.org/entity/Q1751207,3129806
http://www.wikidata.org/entity/Q642595,3129905
http://www.wikidata.org/entity/Q375692,3130002
http://www.wikidata.org/entity/Q655607,3130051
http://www.wikidata.org/entity/Q22062513,3130101
http://www.wikidata.org/entity/Q1791133,3130200
http://www.wikidata.org/entity/Q1755996,3130309
http://www.wikidata.org/entity/Q1790715,3130408
http://www.wikidata.org/entity/Q1791254,3130507
http://www.wikidata.org/entity/Q1791308,3130556
http://www.wikidata.org/entity/Q1755870,3130606
http://www.wikidata.org/entity/Q1790732,3130655
http://www.wikidata.org/entity/Q22062505,3130705
http://www.wikidata.org/entity/Q1790591,3130804
http://www.wikidata.org/entity/Q1791428,3130903
http://www.wikidata.org/entity/Q1755861,3131000
http://www.wikidata.org/entity/Q1756373,3131109
http://www.wikidata.org/entity/Q1791330,3131158
http://www.wikidata.org/entity/Q782347,3131208
http://www.wikidata.org/entity/Q318314,3131307
http://www.wikidata.org/entity/Q1791349,3131406
http://www.wikidata.org/entity/Q921958,3131505
http://www.wikidata.org/entity/Q1790584,3131604
http://www.wikidata.org/entity/Q1638413,3131703
http://www.wikidata.org/entity/Q1790752,3131802
http://www.wikidata.org/entity/Q527003,3131901
http://www.wikidata.org/entity/Q1756848,3132008
http://www.wikidata.org/entity/Q1790600,3132107
http://www.wikidata.org/entity/Q1791168,3132206
http://www.wikidata.org/entity/Q1756190,3132305
http://www.wikidata.org/entity/Q985585,3132404
http://www.wikidata.org/entity/Q1756622,3132503
http://www.wikidata.org/entity/Q510938,3132602
http://www.wikidata.org/entity/Q1754657,3132701
http://www.wikidata.org/entity/Q950561,3132800
http://www.wikidata.org/entity/Q1791149,3132909
http://www.wikidata.org/entity/Q1772699,3133006
http://www.wikidata.org/entity/Q585119,3133105
http://www.wikidata.org/entity/Q1791526,3133204
http://www.wikidata.org/entity/Q1790804,3133303
http://www.wikidata.org/entity/Q1791208,3133402
http://www.wikidata.org/entity/Q509584,3133501
http://www.wikidata.org/entity/Q22062477,3133600
http://www.wikidata.org/entity/Q985977,3133709
http://www.wikidata.org/entity/Q1756039,3133758
http://www.wikidata.org/entity/Q628877,3133808
http://www.wikidata.org/entity/Q1791590,3133907
http://www.wikidata.org/entity/Q934924,3134004
http://www.wikidata.org/entity/Q616539,3134103
http://www.wikidata.org/entity/Q1756328,3134202
http://www.wikidata.org/entity/Q1791057,3134301
http://www.wikidata.org/entity/Q1780277,3134400
http://www.wikidata.org/entity/Q1989895,3134509
http://www.wikidata.org/entity/Q1749813,3134608
http://www.wikidata.org/entity/Q1791600,3134707
http://www.wikidata.org/entity/Q1779955,3134806
http://www.wikidata.org/entity/Q1804332,3134905
http://www.wikidata.org/entity/Q1790785,3135001
http://www.wikidata.org/entity/Q734146,3135050
http://www.wikidata.org/entity/Q1791230,3135076
http://www.wikidata.org/entity/Q1791340,3135100
http://www.wikidata.org/entity/Q22062457,3135209
http://www.wikidata.org/entity/Q1755923,3135308
http://www.wikidata.org/entity/Q931874,3135357
http://www.wikidata.org/entity/Q588890,3135407
http://www.wikidata.org/entity/Q1756319,3135456
http://www.wikidata.org/entity/Q1756002,3135506
http://www.wikidata.org/entity/Q958515,3135605
http://www.wikidata.org/entity/Q1757089,3135704
http://www.wikidata.org/entity/Q580753,3135803
http://www.wikidata.org/entity/Q1791440,3135902
http://www.wikidata.org/entity/Q1756235,3136009
http://www.wikidata.org/entity/Q1791300,3136108
http://www.wikidata.org/entity/Q985508,3136207
http://www.wikidata.org/entity/Q675677,3136306
http://www.wikidata.org/entity/Q1756837,3136405
http://www.wikidata.org/entity/Q1754836,3136504
http://www.wikidata.org/entity/Q762593,3136520
http://www.wikidata.org/entity/Q1791503,3136553
http://www.wikidata.org/entity/Q1755133,3136579
http://www.wikidata.org/entity/Q22062438,3136603
http://www.wikidata.org/entity/Q1790670,3136652
http://www.wikidata.org/entity/Q193019,3136702
http://www.wikidata.org/entity/Q1790506,3136801
http://www.wikidata.org/entity/Q1790502,3136900
http://www.wikidata.org/entity/Q730130,3136959
http://www.wikidata.org/entity/Q430128,3137007
http://www.wikidata.org/entity/Q1790657,3137106
http://www.wikidata.org/entity/Q1749899,3137205
http://www.wikidata.org/entity/Q22062428,3137304
http://www.wikidata.org/entity/Q1790717,3137403
http://www.wikidata.org/entity/Q1791516,3137502
http://www.wikidata.org/entity/Q22062425,3137536
http://www.wikidata.org/entity/Q178667,3137601
http://www.wikidata.org/entity/Q641281,3137700
http://www.wikidata.org/entity/Q1780214,3137809
http://www.wikidata.org/entity/Q1790497,3137908
http://www.wikidata.org/entity/Q979042,3138005
http://www.wikidata.org/entity/Q1790489,3138104
http://www.wikidata.org/entity/Q1638425,3138203
http://www.wikidata.org/entity/Q1754743,3138302
http://www.wikidata.org/entity/Q1754665,3138351
http://www.wikidata.org/entity/Q1805359,3138401
http://www.wikidata.org/entity/Q22062417,3138500
http://www.wikidata.org/entity/Q1754844,3138609
http://www.wikidata.org/entity/Q1805365,3138625
http://www.wikidata.org/entity/Q22062414,3138658
http://www.wikidata.org/entity/Q1789771,3138674
http://www.wikidata.org/entity/Q1790156,3138682
http://www.wikidata.org/entity/Q953848,3138708
http://www.wikidata.org/entity/Q1779998,3138807
http://www.wikidata.org/entity/Q1755726,3138906
http://www.wikidata.org/entity/Q1780021,3139003
http://www.wikidata.org/entity/Q595287,3139102
http://www.wikidata.org/entity/Q1755703,3139201
http://www.wikidata.org/entity/Q1754973,3139250
http://www.wikidata.org/entity/Q283581,3139300
http://www.wikidata.org/entity/Q935191,3139409
http://www.wikidata.org/entity/Q1789756,3139508
http://www.wikidata.org/entity/Q2008042,3139607
http://www.wikidata.org/entity/Q1754703,3139706
http://www.wikidata.org/entity/Q1754689,3139805
http://www.wikidata.org/entity/Q1790481,3139904
http://www.wikidata.org/entity/Q984567,3140001
http://www.wikidata.org/entity/Q1790216,3140100
http://www.wikidata.org/entity/Q936682,3140159
http://www.wikidata.org/entity/Q1789764,3140209
http://www.wikidata.org/entity/Q1754892,3140308
http://www.wikidata.org/entity/Q686891,3140407
http://www.wikidata.org/entity/Q522303,3140506
http://www.wikidata.org/entity/Q1790097,3140530
http://www.wikidata.org/entity/Q1755144,3140555
http://www.wikidata.org/entity/Q338191,3140605
http://www.wikidata.org/entity/Q631022,3140704
http://www.wikidata.org/entity/Q1764539,3140803
http://www.wikidata.org/entity/Q1755530,3140852
http://www.wikidata.org/entity/Q1790074,3140902
http://www.wikidata.org/entity/Q1790065,3141009
http://www.wikidata.org/entity/Q1755730,3141108
http://www.wikidata.org/entity/Q1761228,3141207
http://www.wikidata.org/entity/Q1755734,3141306
http://www.wikidata.org/entity/Q22062380,3141405
http://www.wikidata.org/entity/Q1790353,3141504
http://www.wikidata.org/entity/Q376377,3141603
http://www.wikidata.org/entity/Q1022432,3141702
http://www.wikidata.org/entity/Q1755693,3141801
http://www.wikidata.org/entity/Q1790055,3141900
http://www.wikidata.org/entity/Q1790146,3142007
http://www.wikidata.org/entity/Q1805342,3142106
http://www.wikidata.org/entity/Q1790116,3142205
http://www.wikidata.org/entity/Q1790088,3142254
http://www.wikidata.org/entity/Q1804868,3142304
http://www.wikidata.org/entity/Q1789780,3142403
http://www.wikidata.org/entity/Q1754880,3142502
http://www.wikidata.org/entity/Q642341,3142601
http://www.wikidata.org/entity/Q1790238,3142700
http://www.wikidata.org/entity/Q1789748,3142809
http://www.wikidata.org/entity/Q1790247,3142908
http://www.wikidata.org/entity/Q1790449,3143005
http://www.wikidata.org/entity/Q1877935,3143104
http://www.wikidata.org/entity/Q1754899,3143153
http://www.wikidata.org/entity/Q1789740,3143203
http://www.wikidata.org/entity/Q651906,3143302
http://www.wikidata.org/entity/Q1755752,3143401
http://www.wikidata.org/entity/Q22062358,3143450
http://www.wikidata.org/entity/Q1790181,3143500
http://www.wikidata.org/entity/Q1754851,3143609
http://www.wikidata.org/entity/Q1790330,3143708
http://www.wikidata.org/entity/Q1790436,3143807
http://www.wikidata.org/entity/Q1637446,3143906
http://www.wikidata.org/entity/Q945723,3144003
http://www.wikidata.org/entity/Q1790124,3144102
http://www.wikidata.org/entity/Q608559,3144201
http://www.wikidata.org/entity/Q83011,3144300
http://www.wikidata.org/entity/Q1789727,3144359
http://www.wikidata.org/entity/Q1789734,3144375
http://www.wikidata.org/entity/Q749384,3144409
http://www.wikidata.org/entity/Q2007785,3144508
http://www.wikidata.org/entity/Q583832,3144607
http://www.wikidata.org/entity/Q1790335,3144656
http://www.wikidata.org/entity/Q1754917,3144672
http://www.wikidata.org/entity/Q1789722,3144706
http://www.wikidata.org/entity/Q1642662,3144805
http://www.wikidata.org/entity/Q1790165,3144904
http://www.wikidata.org/entity/Q1754716,3145000
http://www.wikidata.org/entity/Q1790104,3145059
http://www.wikidata.org/entity/Q1790260,3145109
http://www.wikidata.org/entity/Q1790206,3145208
http://www.wikidata.org/entity/Q1755515,3145307
http://www.wikidata.org/entity/Q1754871,3145356
http://www.wikidata.org/entity/Q1790081,3145372
http://www.wikidata.org/entity/Q2077934,3145406
http://www.wikidata.org/entity/Q1790196,3145455
http://www.wikidata.org/entity/Q1789744,3145505
http://www.wikidata.org/entity/Q1754812,3145604
http://www.wikidata.org/entity/Q1790303,3145703
http://www.wikidata.org/entity/Q1755759,3145802
http://www.wikidata.org/entity/Q1790225,3145851
http://www.wikidata.org/entity/Q595373,3145877
http://www.wikidata.org/entity/Q22062326,3145901
http://www.wikidata.org/entity/Q775319,3146008
http://www.wikidata.org/entity/Q188905,3146107
http://www.wikidata.org/entity/Q1755536,3146206
http://www.wikidata.org/entity/Q596318,3146255
http://www.wikidata.org/entity/Q1755581,3146305
http://www.wikidata.org/entity/Q1789613,3146404
http://www.wikidata.org/entity/Q1791617,3146503
http://www.wikidata.org/entity/Q1790130,3146552
http://www.wikidata.org/entity/Q772793,3146602
http://www.wikidata.org/entity/Q2007701,3146701
http://www.wikidata.org/entity/Q687032,3146750
http://www.wikidata.org/entity/Q1789565,3146909
http://www.wikidata.org/entity/Q1755739,3147006
http://www.wikidata.org/entity/Q1749821,3147105
http://www.wikidata.org/entity/Q283682,3147204
http://www.wikidata.org/entity/Q522717,3147303
http://www.wikidata.org/entity/Q947240,3147402
http://www.wikidata.org/entity/Q429351,3147501
http://www.wikidata.org/entity/Q1638378,3147600
http://www.wikidata.org/entity/Q1790325,3147709
http://www.wikidata.org/entity/Q1791701,3147808
http://www.wikidata.org/entity/Q985579,3147907
http://www.wikidata.org/entity/Q1790473,3147956
http://www.wikidata.org/entity/Q984571,3148004
http://www.wikidata.org/entity/Q960694,3148103
http://www.wikidata.org/entity/Q1789573,3148202
http://www.wikidata.org/entity/Q571111,3148301
http://www.wikidata.org/entity/Q1789599,3148400
http://www.wikidata.org/entity/Q1791666,3148509
http://www.wikidata.org/entity/Q584598,3148608
http://www.wikidata.org/entity/Q1650924,3148707
http://www.wikidata.org/entity/Q953379,3148756
http://www.wikidata.org/entity/Q1754928,3148806
http://www.wikidata.org/entity/Q1754822,3148905
http://www.wikidata.org/entity/Q1754934,3149002
http://www.wikidata.org/entity/Q612995,3149101
http://www.wikidata.org/entity/Q1789584,3149150
http://www.wikidata.org/entity/Q1754720,3149200
http://www.wikidata.org/entity/Q1638732,3149309
http://www.wikidata.org/entity/Q1608543,3149408
http://www.wikidata.org/entity/Q1789537,3149507
http://www.wikidata.org/entity/Q1813066,3149606
http://www.wikidata.org/entity/Q948637,3149705
http://www.wikidata.org/entity/Q1749830,3149804
http://www.wikidata.org/entity/Q1789707,3149903
http://www.wikidata.org/entity/Q1798051,3149952
http://www.wikidata.org/entity/Q629223,3150000
http://www.wikidata.org/entity/Q1790460,3150109
http://www.wikidata.org/entity/Q1780206,3150158
http://www.wikidata.org/entity/Q1789621,3150208
http://www.wikidata.org/entity/Q1790344,3150307
http://www.wikidata.org/entity/Q1789608,3150406
http://www.wikidata.org/entity/Q1635025,3150505
http://www.wikidata.org/entity/Q1789616,3150539
http://www.wikidata.org/entity/Q1789595,3150570
http://www.wikidata.org/entity/Q1802239,3150604
http://www.wikidata.org/entity/Q1789546,3150703
http://www.wikidata.org/entity/Q1789518,3150802
http://www.wikidata.org/entity/Q1789559,3150901
http://www.wikidata.org/entity/Q1755816,3151008
http://www.wikidata.org/entity/Q1790309,3151107
http://www.wikidata.org/entity/Q1756358,3151206
http://www.wikidata.org/entity/Q1789588,3151305
http://www.wikidata.org/entity/Q749248,3151404
http://www.wikidata.org/entity/Q1755744,3151503
http://www.wikidata.org/entity/Q1755797,3151602
http://www.wikidata.org/entity/Q1754967,3151701
http://www.wikidata.org/entity/Q817216,3151800
http://www.wikidata.org/entity/Q1789697,3151909
http://www.wikidata.org/entity/Q1789633,3152006
http://www.wikidata.org/entity/Q999139,3152105
http://www.wikidata.org/entity/Q1789626,3152131
http://www.wikidata.org/entity/Q1755571,3152170
http://www.wikidata.org/entity/Q1789713,3152204
http://www.wikidata.org/entity/Q1789579,3152303
http://www.wikidata.org/entity/Q1755522,3152402
http://www.wikidata.org/entity/Q949798,3152501
http://www.wikidata.org/entity/Q1789528,3152600
http://www.wikidata.org/entity/Q1779977,3152709
http://www.wikidata.org/entity/Q22066969,3152808
http://www.wikidata.org/entity/Q1789690,3152907
http://www.wikidata.org/entity/Q1755576,3153004
http://www.wikidata.org/entity/Q1804762,3153103
http://www.wikidata.org/entity/Q948550,3153202
http://www.wikidata.org/entity/Q1789682,3153301
http://www.wikidata.org/entity/Q1750034,3153400
http://www.wikidata.org/entity/Q443518,3153509
http://www.wikidata.org/entity/Q1755006,3153608
http://www.wikidata.org/entity/Q629087,3153707
http://www.wikidata.org/entity/Q1790319,3153806
http://www.wikidata.org/entity/Q1780289,3153905
http://www.wikidata.org/entity/Q920002,3154002
http://www.wikidata.org/entity/Q614267,3154101
http://www.wikidata.org/entity/Q1789501,3154150
http://www.wikidata.org/entity/Q1789305,3154200
http://www.wikidata.org/entity/Q986252,3154309
http://www.wikidata.org/entity/Q1754957,3154408
http://www.wikidata.org/entity/Q1789472,3154457
http://www.wikidata.org/entity/Q1754708,3154507
http://www.wikidata.org/entity/Q737689,3154606
http://www.wikidata.org/entity/Q1754727,3154705
http://www.wikidata.org/entity/Q732563,3154804
http://www.wikidata.org/entity/Q1789345,3154903
http://www.wikidata.org/entity/Q1780194,3155009
http://www.wikidata.org/entity/Q1755699,3155108
http://www.wikidata.org/entity/Q1789479,3155207
http://www.wikidata.org/entity/Q1780188,3155306
http://www.wikidata.org/entity/Q1789460,3155405
http://www.wikidata.org/entity/Q22065225,3155504
http://www.wikidata.org/entity/Q1789409,3155603
http://www.wikidata.org/entity/Q22065223,3155702
http://www.wikidata.org/entity/Q22065221,3155801
http://www.wikidata.org/entity/Q1789450,3155900
http://www.wikidata.org/entity/Q1789441,3156007
http://www.wikidata.org/entity/Q1789434,3156106
http://www.wikidata.org/entity/Q304119,3156205
http://www.wikidata.org/entity/Q748047,3156304
http://www.wikidata.org/entity/Q1789399,3156403
http://www.wikidata.org/entity/Q1789508,3156452
http://www.wikidata.org/entity/Q1789418,3156502
http://www.wikidata.org/entity/Q1755566,3156601
http://www.wikidata.org/entity/Q1451808,3156700
http://www.wikidata.org/entity/Q1755810,3156809
http://www.wikidata.org/entity/Q22065210,3156908
http://www.wikidata.org/entity/Q22065209,3157005
http://www.wikidata.org/entity/Q1755556,3157104
http://www.wikidata.org/entity/Q22065207,3157203
http://www.wikidata.org/entity/Q1789488,3157252
http://www.wikidata.org/entity/Q1789425,3157278
http://www.wikidata.org/entity/Q1754948,3157302
http://www.wikidata.org/entity/Q1752740,3157336
http://www.wikidata.org/entity/Q1770708,3157377
http://www.wikidata.org/entity/Q1124627,3157401
http://www.wikidata.org/entity/Q1789393,3157500
http://www.wikidata.org/entity/Q1755784,3157609
http://www.wikidata.org/entity/Q970778,3157658
http://www.wikidata.org/entity/Q1789496,3157708
http://www.wikidata.org/entity/Q942235,3157807
http://www.wikidata.org/entity/Q1789137,3157906
http://www.wikidata.org/entity/Q1789237,3158003
http://www.wikidata.org/entity/Q1749736,3158102
http://www.wikidata.org/entity/Q385048,3158201
http://www.wikidata.org/entity/Q22065194,3158300
http://www.wikidata.org/entity/Q1789181,3158409
http://www.wikidata.org/entity/Q1789173,3158508
http://www.wikidata.org/entity/Q1789205,3158607
http://www.wikidata.org/entity/Q1755777,3158706
http://www.wikidata.org/entity/Q678998,3158805
http://www.wikidata.org/entity/Q675814,3158904
http://www.wikidata.org/entity/Q929590,3158953
http://www.wikidata.org/entity/Q1755714,3159001
http://www.wikidata.org/entity/Q1789163,3159100
http://www.wikidata.org/entity/Q1755160,3159209
http://www.wikidata.org/entity/Q1789193,3159308
http://www.wikidata.org/entity/Q1789077,3159357
http://www.wikidata.org/entity/Q1789091,3159407
http://www.wikidata.org/entity/Q375274,3159506
http://www.wikidata.org/entity/Q1650861,3159605
http://www.wikidata.org/entity/Q1789257,3159704
http://www.wikidata.org/entity/Q22065178,3159803
http://www.wikidata.org/entity/Q986277,3159902
http://www.wikidata.org/entity/Q522097,3160009
http://www.wikidata.org/entity/Q1789248,3160108
http://www.wikidata.org/entity/Q1788666,3160207
http://www.wikidata.org/entity/Q1772714,3160306
http://www.wikidata.org/entity/Q956065,3160405
http://www.wikidata.org/entity/Q732719,3160454
http://www.wikidata.org/entity/Q1789213,3160504
http://www.wikidata.org/entity/Q1754904,3160603
http://www.wikidata.org/entity/Q1754760,3160702
http://www.wikidata.org/entity/Q1755164,3160801
http://www.wikidata.org/entity/Q1788539,3160900
http://www.wikidata.org/entity/Q1754673,3160959
http://www.wikidata.org/entity/Q635947,3161007
http://www.wikidata.org/entity/Q1788630,3161056
http://www.wikidata.org/entity/Q22066968,3161106
http://www.wikidata.org/entity/Q2382290,3161205
http://www.wikidata.org/entity/Q643392,3161304
http://www.wikidata.org/entity/Q1788549,3161403
http://www.wikidata.org/entity/Q1788508,3161502
http://www.wikidata.org/entity/Q1754651,3161601
http://www.wikidata.org/entity/Q1788615,3161650
http://www.wikidata.org/entity/Q959440,3161700
http://www.wikidata.org/entity/Q1788460,3161809
http://www.wikidata.org/entity/Q1788395,3161908
http://www.wikidata.org/entity/Q952405,3162005
http://www.wikidata.org/entity/Q1788283,3162104
http://www.wikidata.org/entity/Q1787319,3162203
http://www.wikidata.org/entity/Q785452,3162252
http://www.wikidata.org/entity/Q1787264,3162302
http://www.wikidata.org/entity/Q1787105,3162401
http://www.wikidata.org/entity/Q1787226,3162450
http://www.wikidata.org/entity/Q740965,3162500
http://www.wikidata.org/entity/Q1787194,3162559
http://www.wikidata.org/entity/Q1787661,3162575
http://www.wikidata.org/entity/Q733528,3162609
http://www.wikidata.org/entity/Q1787332,3162658
http://www.wikidata.org/entity/Q22065096,3162708
http://www.wikidata.org/entity/Q22065095,3162807
http://www.wikidata.org/entity/Q919616,3162906
http://www.wikidata.org/entity/Q666247,3162922
http://www.wikidata.org/entity/Q1780266,3162948
http://www.wikidata.org/entity/Q1787340,3162955
http://www.wikidata.org/entity/Q1787414,3163003
http://www.wikidata.org/entity/Q1755771,3163102
http://www.wikidata.org/entity/Q1788432,3163201
http://www.wikidata.org/entity/Q22065088,3163300
http://www.wikidata.org/entity/Q1787250,3163409
http://www.wikidata.org/entity/Q1788487,3163508
http://www.wikidata.org/entity/Q1760621,3163607
http://www.wikidata.org/entity/Q985496,3163706
http://www.wikidata.org/entity/Q1755544,3163805
http://www.wikidata.org/entity/Q1788043,3163904
http://www.wikidata.org/entity/Q979308,3164001
http://www.wikidata.org/entity/Q1787699,3164100
http://www.wikidata.org/entity/Q539353,3164209
http://www.wikidata.org/entity/Q1755169,3164308
http://www.wikidata.org/entity/Q954848,3164407
http://www.wikidata.org/entity/Q1787237,3164431
http://www.wikidata.org/entity/Q1787309,3164472
http://www.wikidata.org/entity/Q1788027,3164506
http://www.wikidata.org/entity/Q1787492,3164605
http://www.wikidata.org/entity/Q1755708,3164704
http://www.wikidata.org/entity/Q1787288,3164803
http://www.wikidata.org/entity/Q1787301,3164902
http://www.wikidata.org/entity/Q1787130,3165008
http://www.wikidata.org/entity/Q1788424,3165107
http://www.wikidata.org/entity/Q1638397,3165206
http://www.wikidata.org/entity/Q1770722,3165305
http://www.wikidata.org/entity/Q1789154,3165404
http://www.wikidata.org/entity/Q1789104,3165503
http://www.wikidata.org/entity/Q1789187,3165537
http://www.wikidata.org/entity/Q588111,3165552
http://www.wikidata.org/entity/Q1789146,3165560
http://www.wikidata.org/entity/Q1788677,3165578
http://www.wikidata.org/entity/Q1789116,3165602
http://www.wikidata.org/entity/Q1789127,3165701
http://www.wikidata.org/entity/Q921202,3165800
http://www.wikidata.org/entity/Q1788519,3165909
http://www.wikidata.org/entity/Q1788595,3166006
http://www.wikidata.org/entity/Q1788604,3166105
http://www.wikidata.org/entity/Q1788643,3166204
http://www.wikidata.org/entity/Q1788651,3166303
http://www.wikidata.org/entity/Q1789225,3166402
http://www.wikidata.org/entity/Q432447,3166501
http://www.wikidata.org/entity/Q1754911,3166600
http://www.wikidata.org/entity/Q543282,3166709
http://www.wikidata.org/entity/Q1788636,3166808
http://www.wikidata.org/entity/Q593028,3166907
http://www.wikidata.org/entity/Q683882,3166956
http://www.wikidata.org/entity/Q1788624,3167004
http://www.wikidata.org/entity/Q919904,3167103
http://www.wikidata.org/entity/Q841226,3167202
http://www.wikidata.org/entity/Q1788659,3167301
http://www.wikidata.org/entity/Q1788562,3167400
http://www.wikidata.org/entity/Q1788499,3167509
http://www.wikidata.org/entity/Q767863,3167608
http://www.wikidata.org/entity/Q1788529,3167707
http://www.wikidata.org/entity/Q1788572,3167806
http://www.wikidata.org/entity/Q608059,3167905
http://www.wikidata.org/entity/Q1787178,3168002
http://www.wikidata.org/entity/Q1787155,3168051
http://www.wikidata.org/entity/Q22065032,3168101
http://www.wikidata.org/entity/Q22081071,3168200
http://www.wikidata.org/entity/Q1787098,3168309
http://www.wikidata.org/entity/Q737667,3168408
http://www.wikidata.org/entity/Q616133,3168507
http://www.wikidata.org/entity/Q1637552,3168606
http://www.wikidata.org/entity/Q737237,3168705
http://www.wikidata.org/entity/Q1003423,3168804
http://www.wikidata.org/entity/Q516274,3168903
http://www.wikidata.org/entity/Q22065025,3169000
http://www.wikidata.org/entity/Q1788440,3169059
http://www.wikidata.org/entity/Q22065023,3169109
http://www.wikidata.org/entity/Q2007466,3169208
http://www.wikidata.org/entity/Q1439211,3169307
http://www.wikidata.org/entity/Q1815539,3169356
http://www.wikidata.org/entity/Q1749754,3169406
http://www.wikidata.org/entity/Q1788450,3169505
http://www.wikidata.org/entity/Q1787184,3169604
http://www.wikidata.org/entity/Q22065016,3169703
http://www.wikidata.org/entity/Q1788481,3169802
http://www.wikidata.org/entity/Q922944,3169901
http://www.wikidata.org/entity/Q952767,3170008
http://www.wikidata.org/entity/Q1788403,3170057
http://www.wikidata.org/entity/Q381733,3170107
http://www.wikidata.org/entity/Q194328,3170206
http://www.wikidata.org/entity/Q1754681,3170305
http://www.wikidata.org/entity/Q1780258,3170404
http://www.wikidata.org/entity/Q1787713,3170438
http://www.wikidata.org/entity/Q1787170,3170479
http://www.wikidata.org/entity/Q1787686,3170503
http://www.wikidata.org/entity/Q1788050,3170529
http://www.wikidata.org/entity/Q1805295,3170578
http://www.wikidata.org/entity/Q1787582,3170602
http://www.wikidata.org/entity/Q1787599,3170651
http://www.wikidata.org/entity/Q983524,3170701
http://www.wikidata.org/entity/Q1787279,3170750
http://www.wikidata.org/entity/Q1787088,3170800
http://www.wikidata.org/entity/Q1787139,3170909
http://www.wikidata.org/entity/Q1754786,3171006
http://www.wikidata.org/entity/Q1788238,3171030
http://www.wikidata.org/entity/Q1755586,3171071
http://www.wikidata.org/entity/Q22064998,3171105
http://www.wikidata.org/entity/Q1754736,3171154
http://www.wikidata.org/entity/Q1012546,3171204
http://www.wikidata.org/entity/Q1780182,3171303
http://www.wikidata.org/entity/Q1788420,3171402
http://www.wikidata.org/entity/Q1790428,3171501
http://www.wikidata.org/entity/Q744690,3171600
http://www.wikidata.org/entity/Q1787215,3171709
http://www.wikidata.org/entity/Q1787121,3171808
http://www.wikidata.org/entity/Q1787203,3171907
http://www.wikidata.org/entity/Q1754796,3172004
http://www.wikidata.org/entity/Q1778624,3172103
http://www.wikidata.org/entity/Q658813,3172202
http://www.wikidata.org/entity/Q1793672,3200102
http://www.wikidata.org/entity/Q1982827,3200136
http://www.wikidata.org/entity/Q652959,3200169
http://www.wikidata.org/entity/Q1807909,3200201
http://www.wikidata.org/entity/Q596538,3200300
http://www.wikidata.org/entity/Q973430,3200359
http://www.wikidata.org/entity/Q2019024,3200409
http://www.wikidata.org/entity/Q2021210,3200508
http://www.wikidata.org/entity/Q1794219,3200607
http://www.wikidata.org/entity/Q648890,3200706
http://www.wikidata.org/entity/Q804041,3200805
http://www.wikidata.org/entity/Q1794183,3200904
http://www.wikidata.org/entity/Q2089691,3201001
http://www.wikidata.org/entity/Q1807022,3201100
http://www.wikidata.org/entity/Q1982959,3201159
http://www.wikidata.org/entity/Q1439193,3201209
http://www.wikidata.org/entity/Q841222,3201308
http://www.wikidata.org/entity/Q1794952,3201407
http://www.wikidata.org/entity/Q933380,3201506
http://www.wikidata.org/entity/Q1998957,3201605
http://www.wikidata.org/entity/Q1795227,3201704
http://www.wikidata.org/entity/Q1807012,3201803
http://www.wikidata.org/entity/Q616475,3201902
http://www.wikidata.org/entity/Q993623,3202009
http://www.wikidata.org/entity/Q1794439,3202108
http://www.wikidata.org/entity/Q593133,3202207
http://www.wikidata.org/entity/Q1985082,3202256
http://www.wikidata.org/entity/Q1807792,3202306
http://www.wikidata.org/entity/Q267439,3202405
http://www.wikidata.org/entity/Q1795195,3202454
http://www.wikidata.org/entity/Q1807804,3202504
http://www.wikidata.org/entity/Q1807726,3202553
http://www.wikidata.org/entity/Q595222,3202603
http://www.wikidata.org/entity/Q1807920,3202652
http://www.wikidata.org/entity/Q1793795,3202702
http://www.wikidata.org/entity/Q1806710,3202801
http://www.wikidata.org/entity/Q1806714,3202900
http://www.wikidata.org/entity/Q1793709,3203007
http://www.wikidata.org/entity/Q668992,3203056
http://www.wikidata.org/entity/Q1806739,3203106
http://www.wikidata.org/entity/Q1982819,3203130
http://www.wikidata.org/entity/Q616506,3203163
http://www.wikidata.org/entity/Q1755402,3203205
http://www.wikidata.org/entity/Q1806721,3203304
http://www.wikidata.org/entity/Q1806661,3203320
http://www.wikidata.org/entity/Q1806664,3203346
http://www.wikidata.org/entity/Q1806633,3203353
http://www.wikidata.org/entity/Q1795062,3203403
http://www.wikidata.org/entity/Q2013818,3203502
http://www.wikidata.org/entity/Q339532,3203601
http://www.wikidata.org/entity/Q1797483,3203700
http://www.wikidata.org/entity/Q739272,3203809
http://www.wikidata.org/entity/Q734635,3203908
http://www.wikidata.org/entity/Q505326,3204005
http://www.wikidata.org/entity/Q549543,3204054
http://www.wikidata.org/entity/Q2018987,3204104
http://www.wikidata.org/entity/Q1806645,3204203
http://www.wikidata.org/entity/Q1806678,3204252
http://www.wikidata.org/entity/Q2021405,3204302
http://www.wikidata.org/entity/Q1806671,3204351
http://www.wikidata.org/entity/Q1994852,3204401
http://www.wikidata.org/entity/Q678885,3204500
http://www.wikidata.org/entity/Q616486,3204559
http://www.wikidata.org/entity/Q2039418,3204609
http://www.wikidata.org/entity/Q1806625,3204658
http://www.wikidata.org/entity/Q1798735,3204708
http://www.wikidata.org/entity/Q1806727,3204807
http://www.wikidata.org/entity/Q1763574,3204906
http://www.wikidata.org/entity/Q1806620,3204955
http://www.wikidata.org/entity/Q927537,3205002
http://www.wikidata.org/entity/Q1806732,3205010
http://www.wikidata.org/entity/Q762224,3205036
http://www.wikidata.org/entity/Q1806745,3205069
http://www.wikidata.org/entity/Q2020315,3205101
http://www.wikidata.org/entity/Q505266,3205150
http://www.wikidata.org/entity/Q1806653,3205176
http://www.wikidata.org/entity/Q334197,3205200
http://www.wikidata.org/entity/Q168376,3205309
http://www.wikidata.org/entity/Q542829,3300100
http://www.wikidata.org/entity/Q1787636,3300159
http://www.wikidata.org/entity/Q1761549,3300209
http://www.wikidata.org/entity/Q1761573,3300225
http://www.wikidata.org/entity/Q680119,3300233
http://www.wikidata.org/entity/Q1750235,3300258
http://www.wikidata.org/entity/Q1750175,3300308
http://www.wikidata.org/entity/Q808797,3300407
http://www.wikidata.org/entity/Q737636,3300456
http://www.wikidata.org/entity/Q628978,3300506
http://www.wikidata.org/entity/Q1750011,3300605
http://www.wikidata.org/entity/Q735025,3300704
http://www.wikidata.org/entity/Q1983181,3300803
http://www.wikidata.org/entity/Q1787650,3300902
http://www.wikidata.org/entity/Q1787642,3300936
http://www.wikidata.org/entity/Q684387,3300951
http://www.wikidata.org/entity/Q689868,3301009
http://www.wikidata.org/entity/Q1763072,3301108
http://www.wikidata.org/entity/Q1807668,3301157
http://www.wikidata.org/entity/Q1765089,3301207
http://www.wikidata.org/entity/Q1761688,3301306
http://www.wikidata.org/entity/Q601169,3301405
http://www.wikidata.org/entity/Q534937,3301504
http://www.wikidata.org/entity/Q1786966,3301603
http://www.wikidata.org/entity/Q193021,3301702
http://www.wikidata.org/entity/Q1787607,3301801
http://www.wikidata.org/entity/Q1761565,3301850
http://www.wikidata.org/entity/Q1761488,3301876
http://www.wikidata.org/entity/Q841244,3301900
http://www.wikidata.org/entity/Q730437,3302007
http://www.wikidata.org/entity/Q1804116,3302056
http://www.wikidata.org/entity/Q1804085,3302106
http://www.wikidata.org/entity/Q1675245,3302205
http://www.wikidata.org/entity/Q817223,3302254
http://www.wikidata.org/entity/Q1787673,3302270
http://www.wikidata.org/entity/Q519652,3302304
http://www.wikidata.org/entity/Q473250,3302403
http://www.wikidata.org/entity/Q1787503,3302452
http://www.wikidata.org/entity/Q841218,3302502
http://www.wikidata.org/entity/Q988680,3302601
http://www.wikidata.org/entity/Q847037,3302700
http://www.wikidata.org/entity/Q1798722,3302809
http://www.wikidata.org/entity/Q984780,3302858
http://www.wikidata.org/entity/Q1798731,3302908
http://www.wikidata.org/entity/Q1804056,3303005
http://www.wikidata.org/entity/Q2057463,3303104
http://www.wikidata.org/entity/Q983459,3303203
http://www.wikidata.org/entity/Q178725,3303302
http://www.wikidata.org/entity/Q468563,3303401
http://www.wikidata.org/entity/Q188897,3303500
http://www.wikidata.org/entity/Q1802179,3303609
http://www.wikidata.org/entity/Q304947,3303708
http://www.wikidata.org/entity/Q926729,3303807
http://www.wikidata.org/entity/Q955927,3303856
http://www.wikidata.org/entity/Q189043,3303906
http://www.wikidata.org/entity/Q1843603,3303955
http://www.wikidata.org/entity/Q1015780,3304003
http://www.wikidata.org/entity/Q1802244,3304102
http://www.wikidata.org/entity/Q765477,3304110
http://www.wikidata.org/entity/Q1800698,3304128
http://www.wikidata.org/entity/Q1800756,3304144
http://www.wikidata.org/entity/Q1803183,3304151
http://www.wikidata.org/entity/Q913390,3304201
http://www.wikidata.org/entity/Q1802187,3304300
http://www.wikidata.org/entity/Q953901,3304409
http://www.wikidata.org/entity/Q1761758,3304508
http://www.wikidata.org/entity/Q1787668,3304524
http://www.wikidata.org/entity/Q8678,3304557
http://www.wikidata.org/entity/Q2013108,3304607
http://www.wikidata.org/entity/Q1788412,3304706
http://www.wikidata.org/entity/Q1787681,3304755
http://www.wikidata.org/entity/Q1787793,3304805
http://www.wikidata.org/entity/Q83114,3304904
http://www.wikidata.org/entity/Q923201,3305000
http://www.wikidata.org/entity/Q459690,3305109
http://www.wikidata.org/entity/Q1802262,3305133
http://www.wikidata.org/entity/Q941236,3305158
http://www.wikidata.org/entity/Q581213,3305208
http://www.wikidata.org/entity/Q1803089,3305307
http://www.wikidata.org/entity/Q748985,3305406
http://www.wikidata.org/entity/Q653716,3305505
http://www.wikidata.org/entity/Q988677,3305554
http://www.wikidata.org/entity/Q927311,3305604
http://www.wikidata.org/entity/Q1787520,3305703
http://www.wikidata.org/entity/Q1787049,3305752
http://www.wikidata.org/entity/Q622836,3305802
http://www.wikidata.org/entity/Q1803189,3305901
http://www.wikidata.org/entity/Q1787655,3306008
http://www.wikidata.org/entity/Q1005931,3306107
http://www.wikidata.org/entity/Q1803142,3306156
http://www.wikidata.org/entity/Q1806430,3306206
http://www.wikidata.org/entity/Q276176,3306305
http://www.wikidata.org/entity/Q1637498,3500105
http://www.wikidata.org/entity/Q676044,3500204
http://www.wikidata.org/entity/Q1760037,3500303
http://www.wikidata.org/entity/Q1647805,3500402
http://www.wikidata.org/entity/Q249869,3500501
http://www.wikidata.org/entity/Q22066,3500550
http://www.wikidata.org/entity/Q249900,3500600
http://www.wikidata.org/entity/Q1750166,3500709
http://www.wikidata.org/entity/Q513601,3500758
http://www.wikidata.org/entity/Q596678,3500808
http://www.wikidata.org/entity/Q305132,3500907
http://www.wikidata.org/entity/Q1112482,3501004
http://www.wikidata.org/entity/Q1806762,3501103
http://www.wikidata.org/entity/Q642894,3501152
http://www.wikidata.org/entity/Q1754608,3501202
http://www.wikidata.org/entity/Q1750446,3501301
http://www.wikidata.org/entity/Q1749940,3501400
http://www.wikidata.org/entity/Q1750195,3501509
http://www.wikidata.org/entity/Q467421,3501608
http://www.wikidata.org/entity/Q376503,3501707
http://www.wikidata.org/entity/Q964181,3501806
http://www.wikidata.org/entity/Q930321,3501905
http://www.wikidata.org/entity/Q1754575,3502002
http://www.wikidata.org/entity/Q1646937,3502101
http://www.wikidata.org/entity/Q1750222,3502200
http://www.wikidata.org/entity/Q942392,3502309
http://www.wikidata.org/entity/Q22066885,3502408
http://www.wikidata.org/entity/Q617702,3502507
http://www.wikidata.org/entity/Q1759370,3502606
http://www.wikidata.org/entity/Q1760259,3502705
http://www.wikidata.org/entity/Q765185,3502754
http://www.wikidata.org/entity/Q626835,3502804
http://www.wikidata.org/entity/Q1754621,3502903
http://www.wikidata.org/entity/Q930883,3503000
http://www.wikidata.org/entity/Q1754457,3503109
http://www.wikidata.org/entity/Q1749953,3503158
http://www.wikidata.org/entity/Q626247,3503208
http://www.wikidata.org/entity/Q580366,3503307
http://www.wikidata.org/entity/Q1750192,3503356
http://www.wikidata.org/entity/Q1647782,3503406
http://www.wikidata.org/entity/Q1800701,3503505
http://www.wikidata.org/entity/Q1750214,3503604
http://www.wikidata.org/entity/Q1750254,3503703
http://www.wikidata.org/entity/Q1754345,3503802
http://www.wikidata.org/entity/Q1750250,3503901
http://www.wikidata.org/entity/Q268193,3503950
http://www.wikidata.org/entity/Q742227,3504008
http://www.wikidata.org/entity/Q1637405,3504107
http://www.wikidata.org/entity/Q268956,3504206
http://www.wikidata.org/entity/Q371734,3504305
http://www.wikidata.org/entity/Q1646956,3504404
http://www.wikidata.org/entity/Q782812,3504503
http://www.wikidata.org/entity/Q268782,3504602
http://www.wikidata.org/entity/Q268906,3504701
http://www.wikidata.org/entity/Q1750436,3504800
http://www.wikidata.org/entity/Q268774,3504909
http://www.wikidata.org/entity/Q430127,3505005
http://www.wikidata.org/entity/Q1795422,3505104
http://www.wikidata.org/entity/Q1759107,3505203
http://www.wikidata.org/entity/Q1759461,3505302
http://www.wikidata.org/entity/Q1760579,3505351
http://www.wikidata.org/entity/Q1760650,3505401
http://www.wikidata.org/entity/Q1637488,3505500
http://www.wikidata.org/entity/Q1760074,3505609
http://www.wikidata.org/entity/Q461773,3505708
http://www.wikidata.org/entity/Q971397,3505807
http://www.wikidata.org/entity/Q650500,3505906
http://www.wikidata.org/entity/Q241645,3506003
http://www.wikidata.org/entity/Q1817181,3506102
http://www.wikidata.org/entity/Q1750448,3506201
http://www.wikidata.org/entity/Q920204,3506300
http://www.wikidata.org/entity/Q828319,3506359
http://www.wikidata.org/entity/Q1648315,3506409
http://www.wikidata.org/entity/Q963648,3506508
http://www.wikidata.org/entity/Q518845,3506607
http://www.wikidata.org/entity/Q268938,3506706
http://www.wikidata.org/entity/Q1759088,3506805
http://www.wikidata.org/entity/Q1749936,3506904
http://www.wikidata.org/entity/Q1759350,3507001
http://www.wikidata.org/entity/Q1760959,3507100
http://www.wikidata.org/entity/Q734464,3507159
http://www.wikidata.org/entity/Q568394,3507209
http://www.wikidata.org/entity/Q776912,3507308
http://www.wikidata.org/entity/Q978870,3507407
http://www.wikidata.org/entity/Q544311,3507456
http://www.wikidata.org/entity/Q1625598,3507506
http://www.wikidata.org/entity/Q897232,3507605
http://www.wikidata.org/entity/Q1222856,3507704
http://www.wikidata.org/entity/Q1754561,3507753
http://www.wikidata.org/entity/Q924792,3507803
http://www.wikidata.org/entity/Q1648408,3507902
http://www.wikidata.org/entity/Q1816107,3508009
http://www.wikidata.org/entity/Q1750100,3508108
http://www.wikidata.org/entity/Q764489,3508207
http://www.wikidata.org/entity/Q268806,3508306
http://www.wikidata.org/entity/Q1760058,3508405
http://www.wikidata.org/entity/Q1759103,3508504
http://www.wikidata.org/entity/Q1760112,3508603
http://www.wikidata.org/entity/Q983521,3508702
http://www.wikidata.org/entity/Q1759688,3508801
http://www.wikidata.org/entity/Q958717,3508900
http://www.wikidata.org/entity/Q1750069,3509007
http://www.wikidata.org/entity/Q769984,3509106
http://www.wikidata.org/entity/Q1760376,3509205
http://www.wikidata.org/entity/Q1760947,3509254
http://www.wikidata.org/entity/Q1750207,3509304
http://www.wikidata.org/entity/Q1760370,3509403
http://www.wikidata.org/entity/Q1759806,3509452
http://www.wikidata.org/entity/Q171617,3509502
http://www.wikidata.org/entity/Q1754452,3509601
http://www.wikidata.org/entity/Q851253,3509700
http://www.wikidata.org/entity/Q1760953,3509809
http://www.wikidata.org/entity/Q1751347,3509908
http://www.wikidata.org/entity/Q1795838,3509957
http://www.wikidata.org/entity/Q1761075,3510005
http://www.wikidata.org/entity/Q737416,3510104
http://www.wikidata.org/entity/Q383979,3510153
http://www.wikidata.org/entity/Q1798802,3510203
http://www.wikidata.org/entity/Q610390,3510302
http://www.wikidata.org/entity/Q1750439,3510401
http://www.wikidata.org/entity/Q983498,3510500
http://www.wikidata.org/entity/Q176891,3510609
http://www.wikidata.org/entity/Q1649954,3510708
http://www.wikidata.org/entity/Q1760459,3510807
http://www.wikidata.org/entity/Q1760292,3510906
http://www.wikidata.org/entity/Q607594,3511003
http://www.wikidata.org/entity/Q983683,3511102
http://www.wikidata.org/entity/Q578408,3511201
http://www.wikidata.org/entity/Q1658493,3511300
http://www.wikidata.org/entity/Q1750093,3511409
http://www.wikidata.org/entity/Q1759399,3511508
http://www.wikidata.org/entity/Q593009,3511607
http://www.wikidata.org/entity/Q983515,3511706
http://www.wikidata.org/entity/Q1796388,3511904
http://www.wikidata.org/entity/Q1761606,3512001
http://www.wikidata.org/entity/Q1760531,3512100
http://www.wikidata.org/entity/Q1759722,3512209
http://www.wikidata.org/entity/Q1760352,3512308
http://www.wikidata.org/entity/Q1750107,3512407
http://www.wikidata.org/entity/Q1761110,3512506
http://www.wikidata.org/entity/Q1759784,3512605
http://www.wikidata.org/entity/Q1750113,3512704
http://www.wikidata.org/entity/Q1754569,3512803
http://www.wikidata.org/entity/Q1800779,3512902
http://www.wikidata.org/entity/Q669305,3513009
http://www.wikidata.org/entity/Q1798797,3513108
http://www.wikidata.org/entity/Q1759841,3513207
http://www.wikidata.org/entity/Q787070,3513306
http://www.wikidata.org/entity/Q1003429,3513405
http://www.wikidata.org/entity/Q817954,3513504
http://www.wikidata.org/entity/Q1003456,3513603
http://www.wikidata.org/entity/Q1761089,3513702
http://www.wikidata.org/entity/Q651891,3513801
http://www.wikidata.org/entity/Q533932,3513850
http://www.wikidata.org/entity/Q588987,3513900
http://www.wikidata.org/entity/Q1750204,3514007
http://www.wikidata.org/entity/Q685613,3514106
http://www.wikidata.org/entity/Q1750096,3514205
http://www.wikidata.org/entity/Q1761435,3514304
http://www.wikidata.org/entity/Q1762529,3514403
http://www.wikidata.org/entity/Q303413,3514502
http://www.wikidata.org/entity/Q270048,3514601
http://www.wikidata.org/entity/Q1759751,3514700
http://www.wikidata.org/entity/Q921644,3514809
http://www.wikidata.org/entity/Q1750262,3514908
http://www.wikidata.org/entity/Q928262,3514924
http://www.wikidata.org/entity/Q657923,3514957
http://www.wikidata.org/entity/Q651860,3515004
http://www.wikidata.org/entity/Q1749956,3515103
http://www.wikidata.org/entity/Q928234,3515129
http://www.wikidata.org/entity/Q952726,3515152
http://www.wikidata.org/entity/Q1649813,3515186
http://www.wikidata.org/entity/Q1760344,3515194
http://www.wikidata.org/entity/Q1648136,3515202
http://www.wikidata.org/entity/Q1795726,3515301
http://www.wikidata.org/entity/Q1760977,3515350
http://www.wikidata.org/entity/Q536230,3515400
http://www.wikidata.org/entity/Q1648179,3515509
http://www.wikidata.org/entity/Q595318,3515608
http://www.wikidata.org/entity/Q301590,3515657
http://www.wikidata.org/entity/Q1646968,3515707
http://www.wikidata.org/entity/Q1761725,3515806
http://www.wikidata.org/entity/Q1760305,3515905
http://www.wikidata.org/entity/Q1761450,3516002
http://www.wikidata.org/entity/Q1761119,3516101
http://www.wikidata.org/entity/Q504587,3516200
http://www.wikidata.org/entity/Q1646103,3516309
http://www.wikidata.org/entity/Q657199,3516408
http://www.wikidata.org/entity/Q765636,3516507
http://www.wikidata.org/entity/Q1795526,3516606
http://www.wikidata.org/entity/Q940614,3516705
http://www.wikidata.org/entity/Q1760507,3516804
http://www.wikidata.org/entity/Q673597,3516853
http://www.wikidata.org/entity/Q1649675,3516903
http://www.wikidata.org/entity/Q390022,3517000
http://www.wikidata.org/entity/Q1649685,3517109
http://www.wikidata.org/entity/Q1759801,3517208
http://www.wikidata.org/entity/Q1759791,3517307
http://www.wikidata.org/entity/Q2013622,3517406
http://www.wikidata.org/entity/Q1649865,3517505
http://www.wikidata.org/entity/Q1798851,3517604
http://www.wikidata.org/entity/Q985569,3517703
http://www.wikidata.org/entity/Q1750066,3517802
http://www.wikidata.org/entity/Q986503,3517901
http://www.wikidata.org/entity/Q1649834,3518008
http://www.wikidata.org/entity/Q1649691,3518107
http://www.wikidata.org/entity/Q739292,3518206
http://www.wikidata.org/entity/Q404820,3518305
http://www.wikidata.org/entity/Q905157,3518404
http://www.wikidata.org/entity/Q1798860,3518503
http://www.wikidata.org/entity/Q1759773,3518602
http://www.wikidata.org/entity/Q271374,3518701
http://www.wikidata.org/entity/Q184409,3518800
http://www.wikidata.org/entity/Q1795651,3518859
http://www.wikidata.org/entity/Q1648425,3518909
http://www.wikidata.org/entity/Q1759097,3519006
http://www.wikidata.org/entity/Q1638389,3519055
http://www.wikidata.org/entity/Q952617,3519071
http://www.wikidata.org/entity/Q1648361,3519105
http://www.wikidata.org/entity/Q1759390,3519204
http://www.wikidata.org/entity/Q1648366,3519253
http://www.wikidata.org/entity/Q1760989,3519303
http://www.wikidata.org/entity/Q1751341,3519402
http://www.wikidata.org/entity/Q1760903,3519501
http://www.wikidata.org/entity/Q1649661,3519600
http://www.wikidata.org/entity/Q1795639,3519709
http://www.wikidata.org/entity/Q967899,3519808
http://www.wikidata.org/entity/Q1760911,3519907
http://www.wikidata.org/entity/Q1120318,3520004
http://www.wikidata.org/entity/Q578124,3520103
http://www.wikidata.org/entity/Q1759478,3520202
http://www.wikidata.org/entity/Q1646941,3520301
http://www.wikidata.org/entity/Q945061,3520400
http://www.wikidata.org/entity/Q1645056,3520426
http://www.wikidata.org/entity/Q1649828,3520442
http://www.wikidata.org/entity/Q616650,3520509
http://www.wikidata.org/entity/Q2287960,3520608
http://www.wikidata.org/entity/Q1649876,3520707
http://www.wikidata.org/entity/Q1761742,3520806
http://www.wikidata.org/entity/Q1648200,3520905
http://www.wikidata.org/entity/Q1760282,3521002
http://www.wikidata.org/entity/Q1648184,3521101
http://www.wikidata.org/entity/Q1648118,3521150
http://www.wikidata.org/entity/Q593535,3521200
http://www.wikidata.org/entity/Q1759394,3521309
http://www.wikidata.org/entity/Q733787,3521408
http://www.wikidata.org/entity/Q1800682,3521507
http://www.wikidata.org/entity/Q748218,3521606
http://www.wikidata.org/entity/Q920242,3521705
http://www.wikidata.org/entity/Q1648305,3521804
http://www.wikidata.org/entity/Q1759769,3521903
http://www.wikidata.org/entity/Q926176,3522000
http://www.wikidata.org/entity/Q983491,3522109
http://www.wikidata.org/entity/Q1760856,3522158
http://www.wikidata.org/entity/Q926662,3522208
http://www.wikidata.org/entity/Q942071,3522307
http://www.wikidata.org/entity/Q1808590,3522406
http://www.wikidata.org/entity/Q955510,3522505
http://www.wikidata.org/entity/Q1760028,3522604
http://www.wikidata.org/entity/Q1761081,3522653
http://www.wikidata.org/entity/Q745307,3522703
http://www.wikidata.org/entity/Q1808177,3522802
http://www.wikidata.org/entity/Q1759716,3522901
http://www.wikidata.org/entity/Q1649848,3523008
http://www.wikidata.org/entity/Q330202,3523107
http://www.wikidata.org/entity/Q985581,3523206
http://www.wikidata.org/entity/Q579753,3523305
http://www.wikidata.org/entity/Q773065,3523404
http://www.wikidata.org/entity/Q1648194,3523503
http://www.wikidata.org/entity/Q1759703,3523602
http://www.wikidata.org/entity/Q1760228,3523701
http://www.wikidata.org/entity/Q1648420,3523800
http://www.wikidata.org/entity/Q957653,3523909
http://www.wikidata.org/entity/Q734333,3524006
http://www.wikidata.org/entity/Q1649852,3524105
http://www.wikidata.org/entity/Q1808261,3524204
http://www.wikidata.org/entity/Q938162,3524303
http://www.wikidata.org/entity/Q655363,3524402
http://www.wikidata.org/entity/Q1760848,3524501
http://www.wikidata.org/entity/Q985506,3524600
http://www.wikidata.org/entity/Q1645067,3524709
http://www.wikidata.org/entity/Q1649949,3524808
http://www.wikidata.org/entity/Q1759377,3524907
http://www.wikidata.org/entity/Q1646970,3525003
http://www.wikidata.org/entity/Q1798789,3525102
http://www.wikidata.org/entity/Q639848,3525201
http://www.wikidata.org/entity/Q1759235,3525300
http://www.wikidata.org/entity/Q550446,3525409
http://www.wikidata.org/entity/Q1760327,3525508
http://www.wikidata.org/entity/Q1760921,3525607
http://www.wikidata.org/entity/Q595976,3525706
http://www.wikidata.org/entity/Q1759758,3525805
http://www.wikidata.org/entity/Q1649822,3525854
http://www.wikidata.org/entity/Q275109,3525904
http://www.wikidata.org/entity/Q1754616,3526001
http://www.wikidata.org/entity/Q1760417,3526100
http://www.wikidata.org/entity/Q1760410,3526209
http://www.wikidata.org/entity/Q1759587,3526308
http://www.wikidata.org/entity/Q1795659,3526407
http://www.wikidata.org/entity/Q1648319,3526506
http://www.wikidata.org/entity/Q1760064,3526605
http://www.wikidata.org/entity/Q582880,3526704
http://www.wikidata.org/entity/Q1649601,3526803
http://www.wikidata.org/entity/Q841241,3526902
http://www.wikidata.org/entity/Q1439170,3527009
http://www.wikidata.org/entity/Q1750605,3527108
http://www.wikidata.org/entity/Q1948966,3527207
http://www.wikidata.org/entity/Q679297,3527256
http://www.wikidata.org/entity/Q1795673,3527306
http://www.wikidata.org/entity/Q1761493,3527405
http://www.wikidata.org/entity/Q1649645,3527504
http://www.wikidata.org/entity/Q1760024,3527603
http://www.wikidata.org/entity/Q1761054,3527702
http://www.wikidata.org/entity/Q1796418,3527801
http://www.wikidata.org/entity/Q1649656,3527900
http://www.wikidata.org/entity/Q1653558,3528007
http://www.wikidata.org/entity/Q1649831,3528106
http://www.wikidata.org/entity/Q522002,3528205
http://www.wikidata.org/entity/Q1796340,3528304
http://www.wikidata.org/entity/Q1760053,3528403
http://www.wikidata.org/entity/Q931560,3528502
http://www.wikidata.org/entity/Q1800707,3528601
http://www.wikidata.org/entity/Q1760917,3528700
http://www.wikidata.org/entity/Q1760928,3528809
http://www.wikidata.org/entity/Q1759832,3528858
http://www.wikidata.org/entity/Q1795750,3528908
http://www.wikidata.org/entity/Q737660,3529005
http://www.wikidata.org/entity/Q1648293,3529104
http://www.wikidata.org/entity/Q1800770,3529203
http://www.wikidata.org/entity/Q1649629,3529302
http://www.wikidata.org/entity/Q331300,3529401
http://www.wikidata.org/entity/Q1800752,3529500
http://www.wikidata.org/entity/Q946326,3529609
http://www.wikidata.org/entity/Q1759241,3529658
http://www.wikidata.org/entity/Q1759485,3529708
http://www.wikidata.org/entity/Q1759649,3529807
http://www.wikidata.org/entity/Q1760269,3529906
http://www.wikidata.org/entity/Q1649682,3530003
http://www.wikidata.org/entity/Q1645072,3530102
http://www.wikidata.org/entity/Q383765,3530201
http://www.wikidata.org/entity/Q648757,3530300
http://www.wikidata.org/entity/Q953341,3530409
http://www.wikidata.org/entity/Q1760484,3530508
http://www.wikidata.org/entity/Q194332,3530607
http://www.wikidata.org/entity/Q956172,3530706
http://www.wikidata.org/entity/Q600310,3530805
http://www.wikidata.org/entity/Q745014,3530904
http://www.wikidata.org/entity/Q1774484,3531001
http://www.wikidata.org/entity/Q983529,3531100
http://www.wikidata.org/entity/Q1750211,3531209
http://www.wikidata.org/entity/Q1760626,3531308
http://www.wikidata.org/entity/Q1648289,3531407
http://www.wikidata.org/entity/Q1800695,3531506
http://www.wikidata.org/entity/Q510736,3531605
http://www.wikidata.org/entity/Q1760453,3531704
http://www.wikidata.org/entity/Q784207,3531803
http://www.wikidata.org/entity/Q1759626,3531902
http://www.wikidata.org/entity/Q985507,3532009
http://www.wikidata.org/entity/Q1761747,3532058
http://www.wikidata.org/entity/Q1649943,3532108
http://www.wikidata.org/entity/Q1119526,3532157
http://www.wikidata.org/entity/Q1760403,3532207
http://www.wikidata.org/entity/Q1759364,3532306
http://www.wikidata.org/entity/Q1760585,3532405
http://www.wikidata.org/entity/Q1648196,3532504
http://www.wikidata.org/entity/Q1649650,3532603
http://www.wikidata.org/entity/Q1649872,3532702
http://www.wikidata.org/entity/Q1648146,3532801
http://www.wikidata.org/entity/Q946930,3532827
http://www.wikidata.org/entity/Q526722,3532843
http://www.wikidata.org/entity/Q282667,3532868
http://www.wikidata.org/entity/Q1761695,3532900
http://www.wikidata.org/entity/Q1648342,3533007
http://www.wikidata.org/entity/Q1760106,3533106
http://www.wikidata.org/entity/Q1649857,3533205
http://www.wikidata.org/entity/Q567821,3533254
http://www.wikidata.org/entity/Q1648351,3533304
http://www.wikidata.org/entity/Q1648345,3533403
http://www.wikidata.org/entity/Q1815907,3533502
http://www.wikidata.org/entity/Q664158,3533601
http://www.wikidata.org/entity/Q773141,3533700
http://www.wikidata.org/entity/Q658024,3533809
http://www.wikidata.org/entity/Q636096,3533908
http://www.wikidata.org/entity/Q1760526,3534005
http://www.wikidata.org/entity/Q677348,3534104
http://www.wikidata.org/entity/Q1648416,3534203
http://www.wikidata.org/entity/Q1759384,3534302
http://www.wikidata.org/entity/Q4035,3534401
http://www.wikidata.org/entity/Q1759798,3534500
http://www.wikidata.org/entity/Q1761462,3534609
http://www.wikidata.org/entity/Q985605,3534708
http://www.wikidata.org/entity/Q1649670,3534757
http://www.wikidata.org/entity/Q1815951,3534807
http://www.wikidata.org/entity/Q1795852,3534906
http://www.wikidata.org/entity/Q1816305,3535002
http://www.wikidata.org/entity/Q1760543,3535101
http://www.wikidata.org/entity/Q1645095,3535200
http://www.wikidata.org/entity/Q1760365,3535309
http://www.wikidata.org/entity/Q955544,3535408
http://www.wikidata.org/entity/Q1760760,3535507
http://www.wikidata.org/entity/Q1759639,3535606
http://www.wikidata.org/entity/Q1760478,3535705
http://www.wikidata.org/entity/Q1760996,3535804
http://www.wikidata.org/entity/Q633898,3535903
http://www.wikidata.org/entity/Q1761717,3536000
http://www.wikidata.org/entity/Q933191,3536109
http://www.wikidata.org/entity/Q1760286,3536208
http://www.wikidata.org/entity/Q523550,3536257
http://www.wikidata.org/entity/Q1759984,3536307
http://www.wikidata.org/entity/Q1649677,3536406
http://www.wikidata.org/entity/Q40706,3536505
http://www.wikidata.org/entity/Q1648436,3536570
http://www.wikidata.org/entity/Q1648123,3536604
http://www.wikidata.org/entity/Q1795537,3536703
http://www.wikidata.org/entity/Q1649666,3536802
http://www.wikidata.org/entity/Q952230,3536901
http://www.wikidata.org/entity/Q1760087,3537008
http://www.wikidata.org/entity/Q786140,3537107
http://www.wikidata.org/entity/Q1761002,3537156
http://www.wikidata.org/entity/Q570464,3537206
http://www.wikidata.org/entity/Q986508,3537305
http://www.wikidata.org/entity/Q928154,3537404
http://www.wikidata.org/entity/Q1795718,3537503
http://www.wikidata.org/entity/Q912136,3537602
http://www.wikidata.org/entity/Q1795562,3537701
http://www.wikidata.org/entity/Q1800748,3537800
http://www.wikidata.org/entity/Q1800635,3537909
http://www.wikidata.org/entity/Q974642,3538006
http://www.wikidata.org/entity/Q1648152,3538105
http://www.wikidata.org/entity/Q1649843,3538204
http://www.wikidata.org/entity/Q1761094,3538303
http://www.wikidata.org/entity/Q1760068,3538501
http://www.wikidata.org/entity/Q1760752,3538600
http://www.wikidata.org/entity/Q330175,3538709
http://www.wikidata.org/entity/Q1795515,3538808
http://www.wikidata.org/entity/Q985494,3538907
http://www.wikidata.org/entity/Q1759848,3539004
http://www.wikidata.org/entity/Q1760867,3539103
http://www.wikidata.org/entity/Q1760765,3539202
http://www.wikidata.org/entity/Q1750431,3539301
http://www.wikidata.org/entity/Q1648432,3539400
http://www.wikidata.org/entity/Q939666,3539509
http://www.wikidata.org/entity/Q1795617,3539608
http://www.wikidata.org/entity/Q1808246,3539707
http://www.wikidata.org/entity/Q377601,3539806
http://www.wikidata.org/entity/Q1760554,3539905
http://www.wikidata.org/entity/Q1759694,3540002
http://www.wikidata.org/entity/Q728178,3540101
http://www.wikidata.org/entity/Q1759836,3540200
http://www.wikidata.org/entity/Q617400,3540259
http://www.wikidata.org/entity/Q743048,3540309
http://www.wikidata.org/entity/Q1759221,3540408
http://www.wikidata.org/entity/Q1759470,3540507
http://www.wikidata.org/entity/Q1645090,3540606
http://www.wikidata.org/entity/Q1772643,3540705
http://www.wikidata.org/entity/Q1795824,3540754
http://www.wikidata.org/entity/Q1648299,3540804
http://www.wikidata.org/entity/Q1761735,3540853
http://www.wikidata.org/entity/Q1649607,3540903
http://www.wikidata.org/entity/Q851292,3541000
http://www.wikidata.org/entity/Q944467,3541059
http://www.wikidata.org/entity/Q1750185,3541109
http://www.wikidata.org/entity/Q1816203,3541208
http://www.wikidata.org/entity/Q983495,3541307
http://www.wikidata.org/entity/Q525618,3541406
http://www.wikidata.org/entity/Q1645733,3541505
http://www.wikidata.org/entity/Q431377,3541604
http://www.wikidata.org/entity/Q1795680,3541653
http://www.wikidata.org/entity/Q1760383,3541703
http://www.wikidata.org/entity/Q1759072,3541802
http://www.wikidata.org/entity/Q1816194,3541901
http://www.wikidata.org/entity/Q951645,3542008
http://www.wikidata.org/entity/Q544881,3542107
http://www.wikidata.org/entity/Q1760603,3542206
http://www.wikidata.org/entity/Q1759632,3542305
http://www.wikidata.org/entity/Q1760843,3542404
http://www.wikidata.org/entity/Q958001,3542503
http://www.wikidata.org/entity/Q1798084,3542602
http://www.wikidata.org/entity/Q1795805,3542701
http://www.wikidata.org/entity/Q1808722,3542800
http://www.wikidata.org/entity/Q1760595,3542909
http://www.wikidata.org/entity/Q734937,3543006
http://www.wikidata.org/entity/Q682868,3543105
http://www.wikidata.org/entity/Q1761103,3543204
http://www.wikidata.org/entity/Q1760983,3543238
http://www.wikidata.org/entity/Q667439,3543253
http://www.wikidata.org/entity/Q927935,3543303
http://www.wikidata.org/entity/Q188892,3543402
http://www.wikidata.org/entity/Q985613,3543501
http://www.wikidata.org/entity/Q1760079,3543600
http://www.wikidata.org/entity/Q744399,3543709
http://www.wikidata.org/entity/Q1761556,3543808
http://www.wikidata.org/entity/Q291277,3543907
http://www.wikidata.org/entity/Q1760134,3544004
http://www.wikidata.org/entity/Q663633,3544103
http://www.wikidata.org/entity/Q1759077,3544202
http://www.wikidata.org/entity/Q1795604,3544251
http://www.wikidata.org/entity/Q1648728,3544301
http://www.wikidata.org/entity/Q602128,3544400
http://www.wikidata.org/entity/Q1648190,3544509
http://www.wikidata.org/entity/Q1760536,3544608
http://www.wikidata.org/entity/Q1796404,3544707
http://www.wikidata.org/entity/Q584240,3544806
http://www.wikidata.org/entity/Q1649639,3544905
http://www.wikidata.org/entity/Q1645107,3545001
http://www.wikidata.org/entity/Q1761702,3545100
http://www.wikidata.org/entity/Q605693,3545159
http://www.wikidata.org/entity/Q1994826,3545209
http://www.wikidata.org/entity/Q1760043,3545308
http://www.wikidata.org/entity/Q1760400,3545407
http://www.wikidata.org/entity/Q597804,3545506
http://www.wikidata.org/entity/Q1760559,3545605
http://www.wikidata.org/entity/Q1648356,3545704
http://www.wikidata.org/entity/Q983747,3545803
http://www.wikidata.org/entity/Q1759617,3546009
http://www.wikidata.org/entity/Q1649614,3546108
http://www.wikidata.org/entity/Q922039,3546207
http://www.wikidata.org/entity/Q1760390,3546256
http://www.wikidata.org/entity/Q1648129,3546306
http://www.wikidata.org/entity/Q1646321,3546405
http://www.wikidata.org/entity/Q1760235,3546504
http://www.wikidata.org/entity/Q1648142,3546603
http://www.wikidata.org/entity/Q1222916,3546702
http://www.wikidata.org/entity/Q952830,3546801
http://www.wikidata.org/entity/Q1948975,3546900
http://www.wikidata.org/entity/Q1759992,3547007
http://www.wikidata.org/entity/Q1649817,3547106
http://www.wikidata.org/entity/Q587790,3547205
http://www.wikidata.org/entity/Q526318,3547304
http://www.wikidata.org/entity/Q1649615,3547403
http://www.wikidata.org/entity/Q1649619,3547502
http://www.wikidata.org/entity/Q1097771,3547601
http://www.wikidata.org/entity/Q1649808,3547650
http://www.wikidata.org/entity/Q1800625,3547700
http://www.wikidata.org/entity/Q191652,3547809
http://www.wikidata.org/entity/Q584881,3547908
http://www.wikidata.org/entity/Q1760121,3548005
http://www.wikidata.org/entity/Q1658515,3548054
http://www.wikidata.org/entity/Q1658504,3548104
http://www.wikidata.org/entity/Q1760210,3548203
http://www.wikidata.org/entity/Q1798847,3548302
http://www.wikidata.org/entity/Q1760320,3548401
http://www.wikidata.org/entity/Q81882,3548500
http://www.wikidata.org/entity/Q1760047,3548609
http://www.wikidata.org/entity/Q184403,3548708
http://www.wikidata.org/entity/Q967648,3548807
http://www.wikidata.org/entity/Q194338,3548906
http://www.wikidata.org/entity/Q1759712,3549003
http://www.wikidata.org/entity/Q925419,3549102
http://www.wikidata.org/entity/Q1750087,3549201
http://www.wikidata.org/entity/Q967110,3549250
http://www.wikidata.org/entity/Q1760232,3549300
http://www.wikidata.org/entity/Q1759699,3549409
http://www.wikidata.org/entity/Q1759853,3549508
http://www.wikidata.org/entity/Q1750230,3549607
http://www.wikidata.org/entity/Q984555,3549706
http://www.wikidata.org/entity/Q192181,3549805
http://www.wikidata.org/entity/Q191642,3549904
http://www.wikidata.org/entity/Q581348,3549953
http://www.wikidata.org/entity/Q1646919,3550001
http://www.wikidata.org/entity/Q1760298,3550100
http://www.wikidata.org/entity/Q1808286,3550209
http://www.wikidata.org/entity/Q174,3550308
http://www.wikidata.org/entity/Q924342,3550407
http://www.wikidata.org/entity/Q1760853,3550506
http://www.wikidata.org/entity/Q1815958,3550605
http://www.wikidata.org/entity/Q587013,3550704
http://www.wikidata.org/entity/Q1648307,3550803
http://www.wikidata.org/entity/Q1808922,3550902
http://www.wikidata.org/entity/Q272254,3551009
http://www.wikidata.org/entity/Q1760099,3551108
http://www.wikidata.org/entity/Q1760940,3551207
http://www.wikidata.org/entity/Q1649838,3551306
http://www.wikidata.org/entity/Q1760125,3551405
http://www.wikidata.org/entity/Q374548,3551504
http://www.wikidata.org/entity/Q1439179,3551603
http://www.wikidata.org/entity/Q1795634,3551702
http://www.wikidata.org/entity/Q738959,3551801
http://www.wikidata.org/entity/Q1760500,3551900
http://www.wikidata.org/entity/Q1761063,3552007
http://www.wikidata.org/entity/Q1797503,3552106
http://www.wikidata.org/entity/Q188901,3552205
http://www.wikidata.org/entity/Q1761710,3552304
http://www.wikidata.org/entity/Q942135,3552403
http://www.wikidata.org/entity/Q737670,3552502
http://www.wikidata.org/entity/Q1750257,3552551
http://www.wikidata.org/entity/Q301283,3552601
http://www.wikidata.org/entity/Q22064419,3552700
http://www.wikidata.org/entity/Q841231,3552809
http://www.wikidata.org/entity/Q22064418,3552908
http://www.wikidata.org/entity/Q1760276,3553005
http://www.wikidata.org/entity/Q1760116,3553104
http://www.wikidata.org/entity/Q1760091,3553203
http://www.wikidata.org/entity/Q650146,3553302
http://www.wikidata.org/entity/Q923862,3553401
http://www.wikidata.org/entity/Q22064413,3553500
http://www.wikidata.org/entity/Q1658532,3553609
http://www.wikidata.org/entity/Q22064411,3553658
http://www.wikidata.org/entity/Q1645082,3553708
http://www.wikidata.org/entity/Q1759780,3553807
http://www.wikidata.org/entity/Q1759820,3553856
http://www.wikidata.org/entity/Q22064407,3553906
http://www.wikidata.org/entity/Q1649959,3553955
http://www.wikidata.org/entity/Q1795613,3554003
http://www.wikidata.org/entity/Q170540,3554102
http://www.wikidata.org/entity/Q1760311,3554201
http://www.wikidata.org/entity/Q13109202,3554300
http://www.wikidata.org/entity/Q1759814,3554409
http://www.wikidata.org/entity/Q542815,3554508
http://www.wikidata.org/entity/Q1760263,3554607
http://www.wikidata.org/entity/Q1759645,3554656
http://www.wikidata.org/entity/Q1751333,3554706
http://www.wikidata.org/entity/Q22064400,3554755
http://www.wikidata.org/entity/Q22064399,3554805
http://www.wikidata.org/entity/Q1750027,3554904
http://www.wikidata.org/entity/Q22064397,3554953
http://www.wikidata.org/entity/Q961143,3555000
http://www.wikidata.org/entity/Q1760131,3555109
http://www.wikidata.org/entity/Q22064394,3555208
http://www.wikidata.org/entity/Q1762903,3555307
http://www.wikidata.org/entity/Q1750070,3555356
http://www.wikidata.org/entity/Q596931,3555406
http://www.wikidata.org/entity/Q1646327,3555505
http://www.wikidata.org/entity/Q1658522,3555604
http://www.wikidata.org/entity/Q1658483,3555703
http://www.wikidata.org/entity/Q1759227,3555802
http://www.wikidata.org/entity/Q13109246,3555901
http://www.wikidata.org/entity/Q1759763,3556008
http://www.wikidata.org/entity/Q947263,3556107
http://www.wikidata.org/entity/Q983511,3556206
http://www.wikidata.org/entity/Q13109251,3556305
http://www.wikidata.org/entity/Q1760599,3556354
http://www.wikidata.org/entity/Q767854,3556404
http://www.wikidata.org/entity/Q1750075,3556453
http://www.wikidata.org/entity/Q1759112,3556503
http://www.wikidata.org/entity/Q22066862,3556602
http://www.wikidata.org/entity/Q983534,3556701
http://www.wikidata.org/entity/Q1760032,3556800
http://www.wikidata.org/entity/Q1759858,3556909
http://www.wikidata.org/entity/Q1750221,3556958
http://www.wikidata.org/entity/Q942083,3557006
http://www.wikidata.org/entity/Q1759612,3557105
http://www.wikidata.org/entity/Q1760645,3557154
http://www.wikidata.org/entity/Q1795758,3557204
http://www.wikidata.org/entity/Q738934,3557303
http://www.wikidata.org/entity/Q784855,4100103
http://www.wikidata.org/entity/Q1779965,4100202
http://www.wikidata.org/entity/Q398170,4100301
http://www.wikidata.org/entity/Q1650078,4100400
http://www.wikidata.org/entity/Q1804753,4100459
http://www.wikidata.org/entity/Q1805388,4100509
http://www.wikidata.org/entity/Q2075653,4100608
http://www.wikidata.org/entity/Q1804740,4100707
http://www.wikidata.org/entity/Q1805380,4100806
http://www.wikidata.org/entity/Q1773369,4100905
http://www.wikidata.org/entity/Q2004241,4101002
http://www.wikidata.org/entity/Q970744,4101051
http://www.wikidata.org/entity/Q1804315,4101101
http://www.wikidata.org/entity/Q1205078,4101150
http://www.wikidata.org/entity/Q599068,4101200
http://www.wikidata.org/entity/Q1809601,4101309
http://www.wikidata.org/entity/Q1638385,4101408
http://www.wikidata.org/entity/Q1650073,4101507
http://www.wikidata.org/entity/Q1805391,4101606
http://www.wikidata.org/entity/Q1804297,4101655
http://www.wikidata.org/entity/Q2034168,4101705
http://www.wikidata.org/entity/Q1773313,4101804
http://www.wikidata.org/entity/Q958067,4101853
http://www.wikidata.org/entity/Q2005491,4101903
http://www.wikidata.org/entity/Q383890,4102000
http://www.wikidata.org/entity/Q2007427,4102109
http://www.wikidata.org/entity/Q607931,4102208
http://www.wikidata.org/entity/Q1804262,4102307
http://www.wikidata.org/entity/Q2064780,4102406
http://www.wikidata.org/entity/Q1773359,4102505
http://www.wikidata.org/entity/Q628639,4102604
http://www.wikidata.org/entity/Q2005216,4102703
http://www.wikidata.org/entity/Q1804834,4102752
http://www.wikidata.org/entity/Q1805395,4102802
http://www.wikidata.org/entity/Q1805140,4102901
http://www.wikidata.org/entity/Q963673,4103008
http://www.wikidata.org/entity/Q1804747,4103024
http://www.wikidata.org/entity/Q1804766,4103040
http://www.wikidata.org/entity/Q1804828,4103057
http://www.wikidata.org/entity/Q1805304,4103107
http://www.wikidata.org/entity/Q1998947,4103156
http://www.wikidata.org/entity/Q2355826,4103206
http://www.wikidata.org/entity/Q2004481,4103222
http://www.wikidata.org/entity/Q1804272,4103305
http://www.wikidata.org/entity/Q676325,4103354
http://www.wikidata.org/entity/Q1804776,4103370
http://www.wikidata.org/entity/Q1773377,4103404
http://www.wikidata.org/entity/Q2040790,4103453
http://www.wikidata.org/entity/Q2003753,4103479
http://www.wikidata.org/entity/Q2077893,4103503
http://www.wikidata.org/entity/Q2007353,4103602
http://www.wikidata.org/entity/Q1773340,4103701
http://www.wikidata.org/entity/Q509067,4103800
http://www.wikidata.org/entity/Q1804924,4103909
http://www.wikidata.org/entity/Q1804781,4103958
http://www.wikidata.org/entity/Q1773372,4104006
http://www.wikidata.org/entity/Q2003671,4104055
http://www.wikidata.org/entity/Q2007378,4104105
http://www.wikidata.org/entity/Q1026376,4104204
http://www.wikidata.org/entity/Q1804821,4104253
http://www.wikidata.org/entity/Q1773327,4104303
http://www.wikidata.org/entity/Q1803993,4104402
http://www.wikidata.org/entity/Q594784,4104428
http://www.wikidata.org/entity/Q2133488,4104451
http://www.wikidata.org/entity/Q2004588,4104501
http://www.wikidata.org/entity/Q1803932,4104600
http://www.wikidata.org/entity/Q1803923,4104659
http://www.wikidata.org/entity/Q2005169,4104709
http://www.wikidata.org/entity/Q205681,4104808
http://www.wikidata.org/entity/Q2077411,4104907
http://www.wikidata.org/entity/Q528463,4105003
http://www.wikidata.org/entity/Q1775764,4105102
http://www.wikidata.org/entity/Q2201300,4105201
http://www.wikidata.org/entity/Q1804163,4105300
http://www.wikidata.org/entity/Q972174,4105409
http://www.wikidata.org/entity/Q1803580,4105508
http://www.wikidata.org/entity/Q2003747,4105607
http://www.wikidata.org/entity/Q1773364,4105706
http://www.wikidata.org/entity/Q926688,4105805
http://www.wikidata.org/entity/Q2077965,4105904
http://www.wikidata.org/entity/Q2007563,4106001
http://www.wikidata.org/entity/Q582743,4106100
http://www.wikidata.org/entity/Q2004462,4106209
http://www.wikidata.org/entity/Q1804001,4106308
http://www.wikidata.org/entity/Q2007572,4106407
http://www.wikidata.org/entity/Q2004227,4106456
http://www.wikidata.org/entity/Q1803573,4106506
http://www.wikidata.org/entity/Q1803915,4106555
http://www.wikidata.org/entity/Q1804194,4106571
http://www.wikidata.org/entity/Q2003794,4106605
http://www.wikidata.org/entity/Q604656,4106704
http://www.wikidata.org/entity/Q2004256,4106803
http://www.wikidata.org/entity/Q1803591,4106852
http://www.wikidata.org/entity/Q4361,4106902
http://www.wikidata.org/entity/Q2007405,4107009
http://www.wikidata.org/entity/Q1773337,4107108
http://www.wikidata.org/entity/Q1803619,4107124
http://www.wikidata.org/entity/Q1804009,4107157
http://www.wikidata.org/entity/Q1803648,4107207
http://www.wikidata.org/entity/Q2472540,4107256
http://www.wikidata.org/entity/Q1773318,4107306
http://www.wikidata.org/entity/Q1804240,4107405
http://www.wikidata.org/entity/Q1803653,4107504
http://www.wikidata.org/entity/Q732793,4107520
http://www.wikidata.org/entity/Q1803939,4107538
http://www.wikidata.org/entity/Q1803585,4107546
http://www.wikidata.org/entity/Q1803557,4107553
http://www.wikidata.org/entity/Q2005159,4107603
http://www.wikidata.org/entity/Q2004440,4107652
http://www.wikidata.org/entity/Q2064853,4107702
http://www.wikidata.org/entity/Q2004472,4107736
http://www.wikidata.org/entity/Q2029914,4107751
http://www.wikidata.org/entity/Q734222,4107801
http://www.wikidata.org/entity/Q1773344,4107850
http://www.wikidata.org/entity/Q2007339,4107900
http://www.wikidata.org/entity/Q1863917,4108007
http://www.wikidata.org/entity/Q2077862,4108106
http://www.wikidata.org/entity/Q1803593,4108205
http://www.wikidata.org/entity/Q202316,4108304
http://www.wikidata.org/entity/Q1804212,4108320
http://www.wikidata.org/entity/Q985577,4108403
http://www.wikidata.org/entity/Q1804288,4108452
http://www.wikidata.org/entity/Q785711,4108502
http://www.wikidata.org/entity/Q1804247,4108551
http://www.wikidata.org/entity/Q1780032,4108601
http://www.wikidata.org/entity/Q1803874,4108650
http://www.wikidata.org/entity/Q1803568,4108700
http://www.wikidata.org/entity/Q2004082,4108809
http://www.wikidata.org/entity/Q1804280,4108908
http://www.wikidata.org/entity/Q2004248,4108957
http://www.wikidata.org/entity/Q1008311,4109005
http://www.wikidata.org/entity/Q779633,4109104
http://www.wikidata.org/entity/Q744471,4109203
http://www.wikidata.org/entity/Q1803606,4109302
http://www.wikidata.org/entity/Q326354,4109401
http://www.wikidata.org/entity/Q374648,4109500
http://www.wikidata.org/entity/Q1779983,4109609
http://www.wikidata.org/entity/Q687445,4109658
http://www.wikidata.org/entity/Q2005227,4109708
http://www.wikidata.org/entity/Q1804322,4109757
http://www.wikidata.org/entity/Q2006392,4109807
http://www.wikidata.org/entity/Q1972297,4109906
http://www.wikidata.org/entity/Q672863,4110003
http://www.wikidata.org/entity/Q2322834,4110052
http://www.wikidata.org/entity/Q2097856,4110078
http://www.wikidata.org/entity/Q2004428,4110102
http://www.wikidata.org/entity/Q1804176,4110201
http://www.wikidata.org/entity/Q2065963,4110300
http://www.wikidata.org/entity/Q2050304,4110409
http://www.wikidata.org/entity/Q2064845,4110508
http://www.wikidata.org/entity/Q2027403,4110607
http://www.wikidata.org/entity/Q587203,4110656
http://www.wikidata.org/entity/Q2064763,4110706
http://www.wikidata.org/entity/Q1804230,4110805
http://www.wikidata.org/entity/Q1775800,4110904
http://www.wikidata.org/entity/Q1803946,4110953
http://www.wikidata.org/entity/Q2007594,4111001
http://www.wikidata.org/entity/Q2283708,4111100
http://www.wikidata.org/entity/Q2004451,4111209
http://www.wikidata.org/entity/Q2004535,4111258
http://www.wikidata.org/entity/Q1803867,4111308
http://www.wikidata.org/entity/Q2004234,4111407
http://www.wikidata.org/entity/Q652176,4111506
http://www.wikidata.org/entity/Q2003741,4111555
http://www.wikidata.org/entity/Q628412,4111605
http://www.wikidata.org/entity/Q2007454,4111704
http://www.wikidata.org/entity/Q1814491,4111803
http://www.wikidata.org/entity/Q1775783,4111902
http://www.wikidata.org/entity/Q1803599,4112009
http://www.wikidata.org/entity/Q1779910,4112108
http://www.wikidata.org/entity/Q1803564,4112207
http://www.wikidata.org/entity/Q2011680,4112306
http://www.wikidata.org/entity/Q2104210,4112405
http://www.wikidata.org/entity/Q1804185,4112504
http://www.wikidata.org/entity/Q1803889,4112603
http://www.wikidata.org/entity/Q2004546,4112702
http://www.wikidata.org/entity/Q2064891,4112751
http://www.wikidata.org/entity/Q2005178,4112801
http://www.wikidata.org/entity/Q765253,4112900
http://www.wikidata.org/entity/Q1803956,4112959
http://www.wikidata.org/entity/Q1025757,4113007
http://www.wikidata.org/entity/Q1775827,4113106
http://www.wikidata.org/entity/Q2064788,4113205
http://www.wikidata.org/entity/Q2237581,4113254
http://www.wikidata.org/entity/Q1803900,4113304
http://www.wikidata.org/entity/Q978473,4113403
http://www.wikidata.org/entity/Q1803623,4113429
http://www.wikidata.org/entity/Q1804201,4113452
http://www.wikidata.org/entity/Q1804157,4113502
http://www.wikidata.org/entity/Q303107,4113601
http://www.wikidata.org/entity/Q192387,4113700
http://www.wikidata.org/entity/Q1804169,4113734
http://www.wikidata.org/entity/Q1804254,4113759
http://www.wikidata.org/entity/Q1773309,4113809
http://www.wikidata.org/entity/Q741333,4113908
http://www.wikidata.org/entity/Q1803549,4114005
http://www.wikidata.org/entity/Q675706,4114104
http://www.wikidata.org/entity/Q1803633,4114203
http://www.wikidata.org/entity/Q2004489,4114302
http://www.wikidata.org/entity/Q1803860,4114351
http://www.wikidata.org/entity/Q1992575,4114401
http://www.wikidata.org/entity/Q1803614,4114500
http://www.wikidata.org/entity/Q2003833,4114609
http://www.wikidata.org/entity/Q2003784,4114708
http://www.wikidata.org/entity/Q1003473,4114807
http://www.wikidata.org/entity/Q1779883,4114906
http://www.wikidata.org/entity/Q2064871,4115002
http://www.wikidata.org/entity/Q2003711,4115101
http://www.wikidata.org/entity/Q208669,4115200
http://www.wikidata.org/entity/Q1803821,4115309
http://www.wikidata.org/entity/Q1803540,4115358
http://www.wikidata.org/entity/Q1773350,4115408
http://www.wikidata.org/entity/Q1803569,4115457
http://www.wikidata.org/entity/Q1803525,4115507
http://www.wikidata.org/entity/Q1803927,4115606
http://www.wikidata.org/entity/Q206105,4115705
http://www.wikidata.org/entity/Q1803881,4115739
http://www.wikidata.org/entity/Q1779945,4115754
http://www.wikidata.org/entity/Q375318,4115804
http://www.wikidata.org/entity/Q957375,4115853
http://www.wikidata.org/entity/Q930390,4115903
http://www.wikidata.org/entity/Q1113191,4116000
http://www.wikidata.org/entity/Q2004121,4116059
http://www.wikidata.org/entity/Q2005476,4116109
http://www.wikidata.org/entity/Q781087,4116208
http://www.wikidata.org/entity/Q1775819,4116307
http://www.wikidata.org/entity/Q2139450,4116406
http://www.wikidata.org/entity/Q2004065,4116505
http://www.wikidata.org/entity/Q2007583,4116604
http://www.wikidata.org/entity/Q2283757,4116703
http://www.wikidata.org/entity/Q2004555,4116802
http://www.wikidata.org/entity/Q936233,4116901
http://www.wikidata.org/entity/Q518649,4116950
http://www.wikidata.org/entity/Q2472564,4117008
http://www.wikidata.org/entity/Q1804305,4117057
http://www.wikidata.org/entity/Q2004101,4117107
http://www.wikidata.org/entity/Q2355791,4117206
http://www.wikidata.org/entity/Q2005130,4117214
http://www.wikidata.org/entity/Q1803534,4117222
http://www.wikidata.org/entity/Q1803517,4117255
http://www.wikidata.org/entity/Q1803571,4117271
http://www.wikidata.org/entity/Q1779892,4117297
http://www.wikidata.org/entity/Q2063986,4117305
http://www.wikidata.org/entity/Q952277,4117404
http://www.wikidata.org/entity/Q1803907,4117453
http://www.wikidata.org/entity/Q2005187,4117503
http://www.wikidata.org/entity/Q928397,4117602
http://www.wikidata.org/entity/Q2039438,4117701
http://www.wikidata.org/entity/Q2355843,4117800
http://www.wikidata.org/entity/Q949670,4117909
http://www.wikidata.org/entity/Q2003802,4118006
http://www.wikidata.org/entity/Q592011,4118105
http://www.wikidata.org/entity/Q503852,4118204
http://www.wikidata.org/entity/Q2004112,4118303
http://www.wikidata.org/entity/Q1773355,4118402
http://www.wikidata.org/entity/Q1803627,4118451
http://www.wikidata.org/entity/Q1772650,4118501
http://www.wikidata.org/entity/Q1803769,4118600
http://www.wikidata.org/entity/Q677042,4118709
http://www.wikidata.org/entity/Q1803641,4118808
http://www.wikidata.org/entity/Q2004093,4118857
http://www.wikidata.org/entity/Q1781000,4118907
http://www.wikidata.org/entity/Q1803472,4119004
http://www.wikidata.org/entity/Q1803835,4119103
http://www.wikidata.org/entity/Q1788891,4119152
http://www.wikidata.org/entity/Q2005059,4119202
http://www.wikidata.org/entity/Q372406,4119251
http://www.wikidata.org/entity/Q935946,4119301
http://www.wikidata.org/entity/Q1803311,4119400
http://www.wikidata.org/entity/Q2004395,4119509
http://www.wikidata.org/entity/Q1802922,4119608
http://www.wikidata.org/entity/Q2077794,4119657
http://www.wikidata.org/entity/Q927206,4119707
http://www.wikidata.org/entity/Q608674,4119806
http://www.wikidata.org/entity/Q242906,4119905
http://www.wikidata.org/entity/Q1803813,4119954
http://www.wikidata.org/entity/Q2007362,4120002
http://www.wikidata.org/entity/Q2005152,4120101
http://www.wikidata.org/entity/Q1803346,4120150
http://www.wikidata.org/entity/Q1985148,4120200
http://www.wikidata.org/entity/Q1803844,4120309
http://www.wikidata.org/entity/Q2007391,4120333
http://www.wikidata.org/entity/Q1802900,4120358
http://www.wikidata.org/entity/Q2077944,4120408
http://www.wikidata.org/entity/Q1803826,4120507
http://www.wikidata.org/entity/Q751491,4120606
http://www.wikidata.org/entity/Q2004523,4120655
http://www.wikidata.org/entity/Q743136,4120705
http://www.wikidata.org/entity/Q650514,4120804
http://www.wikidata.org/entity/Q1803513,4120853
http://www.wikidata.org/entity/Q1802867,4120903
http://www.wikidata.org/entity/Q2004160,4121000
http://www.wikidata.org/entity/Q1802877,4121109
http://www.wikidata.org/entity/Q1988300,4121208
http://www.wikidata.org/entity/Q1803492,4121257
http://www.wikidata.org/entity/Q730276,4121307
http://www.wikidata.org/entity/Q2004390,4121356
http://www.wikidata.org/entity/Q1802916,4121406
http://www.wikidata.org/entity/Q1991021,4121505
http://www.wikidata.org/entity/Q1773323,4121604
http://www.wikidata.org/entity/Q177325,4121703
http://www.wikidata.org/entity/Q1803317,4121752
http://www.wikidata.org/entity/Q1967081,4121802
http://www.wikidata.org/entity/Q2007630,4121901
http://www.wikidata.org/entity/Q1964938,4122008
http://www.wikidata.org/entity/Q1802892,4122107
http://www.wikidata.org/entity/Q1803367,4122156
http://www.wikidata.org/entity/Q1803505,4122172
http://www.wikidata.org/entity/Q2004402,4122206
http://www.wikidata.org/entity/Q1878476,4122305
http://www.wikidata.org/entity/Q1008266,4122404
http://www.wikidata.org/entity/Q2003693,4122503
http://www.wikidata.org/entity/Q2083352,4122602
http://www.wikidata.org/entity/Q1803485,4122651
http://www.wikidata.org/entity/Q1775808,4122701
http://www.wikidata.org/entity/Q637930,4122800
http://www.wikidata.org/entity/Q580298,4122909
http://www.wikidata.org/entity/Q1803499,4123006
http://www.wikidata.org/entity/Q2007640,4123105
http://www.wikidata.org/entity/Q2005109,4123204
http://www.wikidata.org/entity/Q2003729,4123303
http://www.wikidata.org/entity/Q1811171,4123402
http://www.wikidata.org/entity/Q2355851,4123501
http://www.wikidata.org/entity/Q2283744,4123600
http://www.wikidata.org/entity/Q2003762,4123709
http://www.wikidata.org/entity/Q1803324,4123808
http://www.wikidata.org/entity/Q2077843,4123824
http://www.wikidata.org/entity/Q1995037,4123857
http://www.wikidata.org/entity/Q2065952,4123907
http://www.wikidata.org/entity/Q2003719,4123956
http://www.wikidata.org/entity/Q2006435,4124004
http://www.wikidata.org/entity/Q1803495,4124020
http://www.wikidata.org/entity/Q1802908,4124053
http://www.wikidata.org/entity/Q929328,4124103
http://www.wikidata.org/entity/Q375907,4124202
http://www.wikidata.org/entity/Q2007649,4124301
http://www.wikidata.org/entity/Q1803373,4124400
http://www.wikidata.org/entity/Q1775771,4124509
http://www.wikidata.org/entity/Q2003690,4124608
http://www.wikidata.org/entity/Q2005069,4124707
http://www.wikidata.org/entity/Q2101599,4124806
http://www.wikidata.org/entity/Q2004153,4124905
http://www.wikidata.org/entity/Q1803358,4125001
http://www.wikidata.org/entity/Q2006406,4125100
http://www.wikidata.org/entity/Q1803364,4125209
http://www.wikidata.org/entity/Q1773332,4125308
http://www.wikidata.org/entity/Q2004142,4125357
http://www.wikidata.org/entity/Q2006425,4125407
http://www.wikidata.org/entity/Q2004131,4125456
http://www.wikidata.org/entity/Q478818,4125506
http://www.wikidata.org/entity/Q2003820,4125555
http://www.wikidata.org/entity/Q1803791,4125605
http://www.wikidata.org/entity/Q1773060,4125704
http://www.wikidata.org/entity/Q2003681,4125753
http://www.wikidata.org/entity/Q1802884,4125803
http://www.wikidata.org/entity/Q2003774,4125902
http://www.wikidata.org/entity/Q2007441,4126009
http://www.wikidata.org/entity/Q2019197,4126108
http://www.wikidata.org/entity/Q2005483,4126207
http://www.wikidata.org/entity/Q2351325,4126256
http://www.wikidata.org/entity/Q2004500,4126272
http://www.wikidata.org/entity/Q1803479,4126306
http://www.wikidata.org/entity/Q1803292,4126355
http://www.wikidata.org/entity/Q2064911,4126405
http://www.wikidata.org/entity/Q2005080,4126504
http://www.wikidata.org/entity/Q2064771,4126603
http://www.wikidata.org/entity/Q2104137,4126652
http://www.wikidata.org/entity/Q2006415,4126678
http://www.wikidata.org/entity/Q930867,4126702
http://www.wikidata.org/entity/Q22064023,4126801
http://www.wikidata.org/entity/Q1966758,4126900
http://www.wikidata.org/entity/Q2004218,4127007
http://www.wikidata.org/entity/Q391843,4127106
http://www.wikidata.org/entity/Q956038,4127205
http://www.wikidata.org/entity/Q1814454,4127304
http://www.wikidata.org/entity/Q22064018,4127403
http://www.wikidata.org/entity/Q987328,4127502
http://www.wikidata.org/entity/Q1803774,4127601
http://www.wikidata.org/entity/Q1776774,4127700
http://www.wikidata.org/entity/Q2006399,4127809
http://www.wikidata.org/entity/Q1803338,4127858
http://www.wikidata.org/entity/Q2004599,4127882
http://www.wikidata.org/entity/Q1830118,4127908
http://www.wikidata.org/entity/Q2003701,4127957
http://www.wikidata.org/entity/Q1899023,4127965
http://www.wikidata.org/entity/Q2004566,4128005
http://www.wikidata.org/entity/Q593948,4128104
http://www.wikidata.org/entity/Q988869,4128203
http://www.wikidata.org/entity/Q1775795,4128302
http://www.wikidata.org/entity/Q2005140,4128401
http://www.wikidata.org/entity/Q2006930,4128500
http://www.wikidata.org/entity/Q1803276,4128534
http://www.wikidata.org/entity/Q1803331,4128559
http://www.wikidata.org/entity/Q1803304,4128609
http://www.wikidata.org/entity/Q2064812,4128625
http://www.wikidata.org/entity/Q660697,4128633
http://www.wikidata.org/entity/Q522096,4128658
http://www.wikidata.org/entity/Q2004576,4128708
http://www.wikidata.org/entity/Q2003811,4128807
http://www.wikidata.org/entity/Q1637414,4200051
http://www.wikidata.org/entity/Q1637506,4200101
http://www.wikidata.org/entity/Q397387,4200200
http://www.wikidata.org/entity/Q1754594,4200309
http://www.wikidata.org/entity/Q1750762,4200408
http://www.wikidata.org/entity/Q1750761,4200507
http://www.wikidata.org/entity/Q1796824,4200556
http://www.wikidata.org/entity/Q249844,4200606
http://www.wikidata.org/entity/Q1754557,4200705
http://www.wikidata.org/entity/Q1758023,4200754
http://www.wikidata.org/entity/Q1935710,4200804
http://www.wikidata.org/entity/Q22063988,4200903
http://www.wikidata.org/entity/Q617657,4201000
http://www.wikidata.org/entity/Q22063986,4201109
http://www.wikidata.org/entity/Q22063985,4201208
http://www.wikidata.org/entity/Q1758008,4201257
http://www.wikidata.org/entity/Q374753,4201273
http://www.wikidata.org/entity/Q607184,4201307
http://www.wikidata.org/entity/Q626231,4201406
http://www.wikidata.org/entity/Q1764990,4201505
http://www.wikidata.org/entity/Q1758088,4201604
http://www.wikidata.org/entity/Q1758063,4201653
http://www.wikidata.org/entity/Q1758057,4201703
http://www.wikidata.org/entity/Q1815704,4201802
http://www.wikidata.org/entity/Q2012016,4201901
http://www.wikidata.org/entity/Q1758002,4201950
http://www.wikidata.org/entity/Q598016,4202008
http://www.wikidata.org/entity/Q1764948,4202057
http://www.wikidata.org/entity/Q1757752,4202073
http://www.wikidata.org/entity/Q941669,4202081
http://www.wikidata.org/entity/Q1815639,4202099
http://www.wikidata.org/entity/Q808787,4202107
http://www.wikidata.org/entity/Q1765028,4202131
http://www.wikidata.org/entity/Q1799364,4202156
http://www.wikidata.org/entity/Q817098,4202206
http://www.wikidata.org/entity/Q1754582,4202305
http://www.wikidata.org/entity/Q155557,4202404
http://www.wikidata.org/entity/Q1750759,4202438
http://www.wikidata.org/entity/Q891934,4202453
http://www.wikidata.org/entity/Q939572,4202503
http://www.wikidata.org/entity/Q769692,4202537
http://www.wikidata.org/entity/Q616028,4202578
http://www.wikidata.org/entity/Q891740,4202602
http://www.wikidata.org/entity/Q894929,4202701
http://www.wikidata.org/entity/Q903373,4202800
http://www.wikidata.org/entity/Q1784745,4202859
http://www.wikidata.org/entity/Q1765062,4202875
http://www.wikidata.org/entity/Q329488,4202909
http://www.wikidata.org/entity/Q986540,4203006
http://www.wikidata.org/entity/Q1758966,4203105
http://www.wikidata.org/entity/Q1784723,4203154
http://www.wikidata.org/entity/Q744097,4203204
http://www.wikidata.org/entity/Q1112283,4203253
http://www.wikidata.org/entity/Q2087030,4203303
http://www.wikidata.org/entity/Q1765051,4203402
http://www.wikidata.org/entity/Q1757768,4203501
http://www.wikidata.org/entity/Q1764972,4203600
http://www.wikidata.org/entity/Q957908,4203709
http://www.wikidata.org/entity/Q1799304,4203808
http://www.wikidata.org/entity/Q780452,4203907
http://www.wikidata.org/entity/Q1750765,4203956
http://www.wikidata.org/entity/Q2087108,4204004
http://www.wikidata.org/entity/Q1758980,4204103
http://www.wikidata.org/entity/Q1750758,4204152
http://www.wikidata.org/entity/Q1799348,4204178
http://www.wikidata.org/entity/Q1784522,4204194
http://www.wikidata.org/entity/Q817387,4204202
http://www.wikidata.org/entity/Q1765012,4204251
http://www.wikidata.org/entity/Q749798,4204301
http://www.wikidata.org/entity/Q1758999,4204350
http://www.wikidata.org/entity/Q1758946,4204400
http://www.wikidata.org/entity/Q1784467,4204459
http://www.wikidata.org/entity/Q1020408,4204509
http://www.wikidata.org/entity/Q1764914,4204558
http://www.wikidata.org/entity/Q1439157,4204608
http://www.wikidata.org/entity/Q1758938,4204707
http://www.wikidata.org/entity/Q1759005,4204756
http://www.wikidata.org/entity/Q1765072,4204806
http://www.wikidata.org/entity/Q1784557,4204905
http://www.wikidata.org/entity/Q1757773,4205001
http://www.wikidata.org/entity/Q986564,4205100
http://www.wikidata.org/entity/Q1784602,4205159
http://www.wikidata.org/entity/Q1815627,4205175
http://www.wikidata.org/entity/Q1815677,4205191
http://www.wikidata.org/entity/Q927128,4205209
http://www.wikidata.org/entity/Q1799399,4205308
http://www.wikidata.org/entity/Q1758986,4205357
http://www.wikidata.org/entity/Q132997,4205407
http://www.wikidata.org/entity/Q1759017,4205431
http://www.wikidata.org/entity/Q1784729,4205456
http://www.wikidata.org/entity/Q543046,4205506
http://www.wikidata.org/entity/Q1765020,4205555
http://www.wikidata.org/entity/Q1784498,4205605
http://www.wikidata.org/entity/Q612191,4205704
http://www.wikidata.org/entity/Q1784623,4205803
http://www.wikidata.org/entity/Q856583,4205902
http://www.wikidata.org/entity/Q1765043,4206009
http://www.wikidata.org/entity/Q1764998,4206108
http://www.wikidata.org/entity/Q1764929,4206207
http://www.wikidata.org/entity/Q1758034,4206306
http://www.wikidata.org/entity/Q1799361,4206405
http://www.wikidata.org/entity/Q1799377,4206504
http://www.wikidata.org/entity/Q986566,4206603
http://www.wikidata.org/entity/Q1784804,4206652
http://www.wikidata.org/entity/Q1784481,4206702
http://www.wikidata.org/entity/Q1784512,4206751
http://www.wikidata.org/entity/Q1799339,4206801
http://www.wikidata.org/entity/Q747403,4206900
http://www.wikidata.org/entity/Q1764963,4207007
http://www.wikidata.org/entity/Q1799373,4207106
http://www.wikidata.org/entity/Q1750764,4207205
http://www.wikidata.org/entity/Q986545,4207304
http://www.wikidata.org/entity/Q1815721,4207403
http://www.wikidata.org/entity/Q1784570,4207502
http://www.wikidata.org/entity/Q1784584,4207577
http://www.wikidata.org/entity/Q968703,4207601
http://www.wikidata.org/entity/Q1757758,4207650
http://www.wikidata.org/entity/Q647194,4207684
http://www.wikidata.org/entity/Q1758047,4207700
http://www.wikidata.org/entity/Q1758989,4207759
http://www.wikidata.org/entity/Q732916,4207809
http://www.wikidata.org/entity/Q767579,4207858
http://www.wikidata.org/entity/Q1784615,4207908
http://www.wikidata.org/entity/Q1774437,4208005
http://www.wikidata.org/entity/Q1796811,4208104
http://www.wikidata.org/entity/Q842713,4208203
http://www.wikidata.org/entity/Q1750776,4208302
http://www.wikidata.org/entity/Q595033,4208401
http://www.wikidata.org/entity/Q1758956,4208450
http://www.wikidata.org/entity/Q1758267,4208500
http://www.wikidata.org/entity/Q612795,4208609
http://www.wikidata.org/entity/Q1799312,4208708
http://www.wikidata.org/entity/Q1764984,4208807
http://www.wikidata.org/entity/Q849584,4208906
http://www.wikidata.org/entity/Q1815648,4208955
http://www.wikidata.org/entity/Q1758467,4209003
http://www.wikidata.org/entity/Q156819,4209102
http://www.wikidata.org/entity/Q1784463,4209151
http://www.wikidata.org/entity/Q664255,4209177
http://www.wikidata.org/entity/Q1799404,4209201
http://www.wikidata.org/entity/Q762009,4209300
http://www.wikidata.org/entity/Q1615291,4209409
http://www.wikidata.org/entity/Q1784377,4209458
http://www.wikidata.org/entity/Q1784534,4209508
http://www.wikidata.org/entity/Q651077,4209607
http://www.wikidata.org/entity/Q1799343,4209706
http://www.wikidata.org/entity/Q1765068,4209805
http://www.wikidata.org/entity/Q1757818,4209854
http://www.wikidata.org/entity/Q1784684,4209904
http://www.wikidata.org/entity/Q1784358,4210001
http://www.wikidata.org/entity/Q1758351,4210035
http://www.wikidata.org/entity/Q1815712,4210050
http://www.wikidata.org/entity/Q1020414,4210100
http://www.wikidata.org/entity/Q1765004,4210209
http://www.wikidata.org/entity/Q1799281,4210308
http://www.wikidata.org/entity/Q1799325,4210407
http://www.wikidata.org/entity/Q1815756,4210506
http://www.wikidata.org/entity/Q1815686,4210555
http://www.wikidata.org/entity/Q980131,4210605
http://www.wikidata.org/entity/Q1784736,4210704
http://www.wikidata.org/entity/Q1799434,4210803
http://www.wikidata.org/entity/Q1799318,4210852
http://www.wikidata.org/entity/Q1796806,4210902
http://www.wikidata.org/entity/Q1758042,4211009
http://www.wikidata.org/entity/Q1815693,4211058
http://www.wikidata.org/entity/Q2011999,4211108
http://www.wikidata.org/entity/Q1758949,4211207
http://www.wikidata.org/entity/Q1784594,4211256
http://www.wikidata.org/entity/Q1010299,4211306
http://www.wikidata.org/entity/Q955577,4211405
http://www.wikidata.org/entity/Q1758973,4211454
http://www.wikidata.org/entity/Q1637513,4211504
http://www.wikidata.org/entity/Q961509,4211603
http://www.wikidata.org/entity/Q926081,4211652
http://www.wikidata.org/entity/Q1784752,4211702
http://www.wikidata.org/entity/Q956998,4211751
http://www.wikidata.org/entity/Q1784491,4211801
http://www.wikidata.org/entity/Q1994858,4211850
http://www.wikidata.org/entity/Q1758019,4211876
http://www.wikidata.org/entity/Q1764975,4211892
http://www.wikidata.org/entity/Q973513,4211900
http://www.wikidata.org/entity/Q1799425,4212007
http://www.wikidata.org/entity/Q1784383,4212056
http://www.wikidata.org/entity/Q588170,4212106
http://www.wikidata.org/entity/Q1796797,4212205
http://www.wikidata.org/entity/Q428892,4212239
http://www.wikidata.org/entity/Q1799402,4212254
http://www.wikidata.org/entity/Q1799357,4212270
http://www.wikidata.org/entity/Q1750773,4212304
http://www.wikidata.org/entity/Q1121962,4212403
http://www.wikidata.org/entity/Q1784611,4212502
http://www.wikidata.org/entity/Q1758031,4212601
http://www.wikidata.org/entity/Q3136609,4212650
http://www.wikidata.org/entity/Q747168,4212700
http://www.wikidata.org/entity/Q285815,4212809
http://www.wikidata.org/entity/Q2011993,4212908
http://www.wikidata.org/entity/Q1799392,4213005
http://www.wikidata.org/entity/Q952174,4213104
http://www.wikidata.org/entity/Q1758995,4213153
http://www.wikidata.org/entity/Q326651,4213203
http://www.wikidata.org/entity/Q1764920,4213302
http://www.wikidata.org/entity/Q1777271,4213351
http://www.wikidata.org/entity/Q1784813,4213401
http://www.wikidata.org/entity/Q1799285,4213500
http://www.wikidata.org/entity/Q1784679,4213609
http://www.wikidata.org/entity/Q1796818,4213708
http://www.wikidata.org/entity/Q1822575,4213807
http://www.wikidata.org/entity/Q1815669,4213906
http://www.wikidata.org/entity/Q1757828,4214003
http://www.wikidata.org/entity/Q1799367,4214102
http://www.wikidata.org/entity/Q960413,4214151
http://www.wikidata.org/entity/Q2012005,4214201
http://www.wikidata.org/entity/Q1764967,4214300
http://www.wikidata.org/entity/Q606838,4214409
http://www.wikidata.org/entity/Q1784673,4214508
http://www.wikidata.org/entity/Q775857,4214607
http://www.wikidata.org/entity/Q1784005,4214706
http://www.wikidata.org/entity/Q1784001,4214805
http://www.wikidata.org/entity/Q1765038,4214904
http://www.wikidata.org/entity/Q1784714,4215000
http://www.wikidata.org/entity/Q1765047,4215059
http://www.wikidata.org/entity/Q691288,4215075
http://www.wikidata.org/entity/Q2012010,4215109
http://www.wikidata.org/entity/Q1757763,4215208
http://www.wikidata.org/entity/Q1784692,4215307
http://www.wikidata.org/entity/Q2011982,4215356
http://www.wikidata.org/entity/Q289981,4215406
http://www.wikidata.org/entity/Q945132,4215455
http://www.wikidata.org/entity/Q931280,4215505
http://www.wikidata.org/entity/Q2020284,4215554
http://www.wikidata.org/entity/Q706547,4215604
http://www.wikidata.org/entity/Q1799409,4215653
http://www.wikidata.org/entity/Q2314224,4215679
http://www.wikidata.org/entity/Q1759023,4215687
http://www.wikidata.org/entity/Q1758231,4215695
http://www.wikidata.org/entity/Q327210,4215703
http://www.wikidata.org/entity/Q1758962,4215752
http://www.wikidata.org/entity/Q1765057,4215802
http://www.wikidata.org/entity/Q1784638,4215901
http://www.wikidata.org/entity/Q1815617,4216008
http://www.wikidata.org/entity/Q639952,4216057
http://www.wikidata.org/entity/Q617155,4216107
http://www.wikidata.org/entity/Q986536,4216206
http://www.wikidata.org/entity/Q599623,4216255
http://www.wikidata.org/entity/Q2023825,4216305
http://www.wikidata.org/entity/Q1799384,4216354
http://www.wikidata.org/entity/Q1799427,4216404
http://www.wikidata.org/entity/Q904782,4216503
http://www.wikidata.org/entity/Q173849,4216602
http://www.wikidata.org/entity/Q545508,4216701
http://www.wikidata.org/entity/Q1764954,4216800
http://www.wikidata.org/entity/Q1759029,4216909
http://www.wikidata.org/entity/Q2662610,4217006
http://www.wikidata.org/entity/Q2065307,4217105
http://www.wikidata.org/entity/Q1757994,4217154
http://www.wikidata.org/entity/Q1757748,4217204
http://www.wikidata.org/entity/Q1750756,4217253
http://www.wikidata.org/entity/Q1757999,4217303
http://www.wikidata.org/entity/Q398844,4217402
http://www.wikidata.org/entity/Q1784472,4217501
http://www.wikidata.org/entity/Q1757812,4217550
http://www.wikidata.org/entity/Q1759010,4217600
http://www.wikidata.org/entity/Q1784827,4217709
http://www.wikidata.org/entity/Q549349,4217758
http://www.wikidata.org/entity/Q1759213,4217808
http://www.wikidata.org/entity/Q22063771,4217907
http://www.wikidata.org/entity/Q1758053,4217956
http://www.wikidata.org/entity/Q951660,4218004
http://www.wikidata.org/entity/Q1799417,4218103
http://www.wikidata.org/entity/Q773783,4218202
http://www.wikidata.org/entity/Q614626,4218251
http://www.wikidata.org/entity/Q22063767,4218301
http://www.wikidata.org/entity/Q22063766,4218350
http://www.wikidata.org/entity/Q1764936,4218400
http://www.wikidata.org/entity/Q339414,4218509
http://www.wikidata.org/entity/Q1784066,4218608
http://www.wikidata.org/entity/Q1815730,4218707
http://www.wikidata.org/entity/Q1758036,4218756
http://www.wikidata.org/entity/Q1833591,4218806
http://www.wikidata.org/entity/Q1758015,4218855
http://www.wikidata.org/entity/Q1646925,4218905
http://www.wikidata.org/entity/Q1765034,4218954
http://www.wikidata.org/entity/Q22063758,4219002
http://www.wikidata.org/entity/Q1758111,4219101
http://www.wikidata.org/entity/Q22063756,4219150
http://www.wikidata.org/entity/Q609989,4219176
http://www.wikidata.org/entity/Q1784642,4219200
http://www.wikidata.org/entity/Q1799400,4219309
http://www.wikidata.org/entity/Q1784631,4219358
http://www.wikidata.org/entity/Q1000671,4219408
http://www.wikidata.org/entity/Q22063751,4219507
http://www.wikidata.org/entity/Q923208,4219606
http://www.wikidata.org/entity/Q1751322,4219705
http://www.wikidata.org/entity/Q1648503,4219853
http://www.wikidata.org/entity/Q2881477,4220000
http://www.wikidata.org/entity/Q913259,4300034
http://www.wikidata.org/entity/Q249795,4300059
http://www.wikidata.org/entity/Q398173,4300109
http://www.wikidata.org/entity/Q413408,4300208
http://www.wikidata.org/entity/Q995308,4300307
http://www.wikidata.org/entity/Q851276,4300406
http://www.wikidata.org/entity/Q601127,4300455
http://www.wikidata.org/entity/Q957758,4300471
http://www.wikidata.org/entity/Q957796,4300505
http://www.wikidata.org/entity/Q1806753,4300554
http://www.wikidata.org/entity/Q33958,4300570
http://www.wikidata.org/entity/Q449593,4300604
http://www.wikidata.org/entity/Q33955,4300638
http://www.wikidata.org/entity/Q33945,4300646
http://www.wikidata.org/entity/Q523535,4300661
http://www.wikidata.org/entity/Q33944,4300703
http://www.wikidata.org/entity/Q33949,4300802
http://www.wikidata.org/entity/Q33953,4300851
http://www.wikidata.org/entity/Q626331,4300877
http://www.wikidata.org/entity/Q33961,4300901
http://www.wikidata.org/entity/Q1758806,4301008
http://www.wikidata.org/entity/Q1648525,4301057
http://www.wikidata.org/entity/Q510698,4301073
http://www.wikidata.org/entity/Q1750199,4301107
http://www.wikidata.org/entity/Q33964,4301206
http://www.wikidata.org/entity/Q950879,4301305
http://www.wikidata.org/entity/Q1749878,4301404
http://www.wikidata.org/entity/Q600118,4301503
http://www.wikidata.org/entity/Q1786460,4301552
http://www.wikidata.org/entity/Q119140,4301602
http://www.wikidata.org/entity/Q1648530,4301636
http://www.wikidata.org/entity/Q1758344,4301651
http://www.wikidata.org/entity/Q1786792,4301701
http://www.wikidata.org/entity/Q1750098,4301750
http://www.wikidata.org/entity/Q970961,4301800
http://www.wikidata.org/entity/Q1757715,4301859
http://www.wikidata.org/entity/Q654843,4301875
http://www.wikidata.org/entity/Q808802,4301909
http://www.wikidata.org/entity/Q1112822,4301925
http://www.wikidata.org/entity/Q584762,4301958
http://www.wikidata.org/entity/Q1786797,4302006
http://www.wikidata.org/entity/Q1786627,4302055
http://www.wikidata.org/entity/Q548652,4302105
http://www.wikidata.org/entity/Q1758280,4302154
http://www.wikidata.org/entity/Q1786675,4302204
http://www.wikidata.org/entity/Q2007792,4302220
http://www.wikidata.org/entity/Q1803204,4302238
http://www.wikidata.org/entity/Q1757685,4302253
http://www.wikidata.org/entity/Q891720,4302303
http://www.wikidata.org/entity/Q1648506,4302352
http://www.wikidata.org/entity/Q570340,4302378
http://www.wikidata.org/entity/Q1758844,4302402
http://www.wikidata.org/entity/Q1758759,4302451
http://www.wikidata.org/entity/Q1786682,4302501
http://www.wikidata.org/entity/Q347692,4302584
http://www.wikidata.org/entity/Q614230,4302600
http://www.wikidata.org/entity/Q1750187,4302659
http://www.wikidata.org/entity/Q640384,4302709
http://www.wikidata.org/entity/Q1749869,4302808
http://www.wikidata.org/entity/Q1757709,4302907
http://www.wikidata.org/entity/Q166378,4303004
http://www.wikidata.org/entity/Q957697,4303103
http://www.wikidata.org/entity/Q1786666,4303202
http://www.wikidata.org/entity/Q742521,4303301
http://www.wikidata.org/entity/Q1786846,4303400
http://www.wikidata.org/entity/Q986275,4303509
http://www.wikidata.org/entity/Q1822931,4303558
http://www.wikidata.org/entity/Q612092,4303608
http://www.wikidata.org/entity/Q1031008,4303673
http://www.wikidata.org/entity/Q1786644,4303707
http://www.wikidata.org/entity/Q1807790,4303806
http://www.wikidata.org/entity/Q388073,4303905
http://www.wikidata.org/entity/Q1786685,4304002
http://www.wikidata.org/entity/Q1758309,4304101
http://www.wikidata.org/entity/Q1786799,4304200
http://www.wikidata.org/entity/Q942053,4304309
http://www.wikidata.org/entity/Q1749864,4304358
http://www.wikidata.org/entity/Q995318,4304408
http://www.wikidata.org/entity/Q984559,4304507
http://www.wikidata.org/entity/Q194325,4304606
http://www.wikidata.org/entity/Q645413,4304614
http://www.wikidata.org/entity/Q765830,4304622
http://www.wikidata.org/entity/Q958607,4304630
http://www.wikidata.org/entity/Q1803147,4304655
http://www.wikidata.org/entity/Q1749867,4304663
http://www.wikidata.org/entity/Q1750182,4304671
http://www.wikidata.org/entity/Q642247,4304689
http://www.wikidata.org/entity/Q1758752,4304697
http://www.wikidata.org/entity/Q772910,4304705
http://www.wikidata.org/entity/Q973169,4304713
http://www.wikidata.org/entity/Q1757704,4304804
http://www.wikidata.org/entity/Q1758557,4304853
http://www.wikidata.org/entity/Q1786658,4304903
http://www.wikidata.org/entity/Q950522,4304952
http://www.wikidata.org/entity/Q592766,4305009
http://www.wikidata.org/entity/Q110017,4305108
http://www.wikidata.org/entity/Q387167,4305116
http://www.wikidata.org/entity/Q1785871,4305124
http://www.wikidata.org/entity/Q1758795,4305132
http://www.wikidata.org/entity/Q1758274,4305157
http://www.wikidata.org/entity/Q684946,4305173
http://www.wikidata.org/entity/Q1786013,4305207
http://www.wikidata.org/entity/Q1758303,4305306
http://www.wikidata.org/entity/Q1751344,4305355
http://www.wikidata.org/entity/Q1803097,4305371
http://www.wikidata.org/entity/Q600802,4305405
http://www.wikidata.org/entity/Q665968,4305439
http://www.wikidata.org/entity/Q921983,4305447
http://www.wikidata.org/entity/Q1749883,4305454
http://www.wikidata.org/entity/Q1784232,4305504
http://www.wikidata.org/entity/Q1759203,4305587
http://www.wikidata.org/entity/Q1185008,4305603
http://www.wikidata.org/entity/Q600843,4305702
http://www.wikidata.org/entity/Q1996363,4305801
http://www.wikidata.org/entity/Q1785829,4305835
http://www.wikidata.org/entity/Q1749866,4305850
http://www.wikidata.org/entity/Q600835,4305871
http://www.wikidata.org/entity/Q600830,4305900
http://www.wikidata.org/entity/Q1803215,4305934
http://www.wikidata.org/entity/Q1757465,4305959
http://www.wikidata.org/entity/Q671644,4305975
http://www.wikidata.org/entity/Q279130,4306007
http://www.wikidata.org/entity/Q2662293,4306056
http://www.wikidata.org/entity/Q1784929,4306072
http://www.wikidata.org/entity/Q985966,4306106
http://www.wikidata.org/entity/Q2007550,4306130
http://www.wikidata.org/entity/Q2008079,4306205
http://www.wikidata.org/entity/Q612650,4306304
http://www.wikidata.org/entity/Q638794,4306320
http://www.wikidata.org/entity/Q1784407,4306353
http://www.wikidata.org/entity/Q630661,4306379
http://www.wikidata.org/entity/Q783009,4306403
http://www.wikidata.org/entity/Q1784275,4306429
http://www.wikidata.org/entity/Q588452,4306452
http://www.wikidata.org/entity/Q1750443,4306502
http://www.wikidata.org/entity/Q1749957,4306551
http://www.wikidata.org/entity/Q1749875,4306601
http://www.wikidata.org/entity/Q1757149,4306700
http://www.wikidata.org/entity/Q1785476,4306734
http://www.wikidata.org/entity/Q1758892,4306759
http://www.wikidata.org/entity/Q1754600,4306767
http://www.wikidata.org/entity/Q226009,4306809
http://www.wikidata.org/entity/Q600808,4306908
http://www.wikidata.org/entity/Q1786448,4306924
http://www.wikidata.org/entity/Q590326,4306932
http://www.wikidata.org/entity/Q749754,4306957
http://www.wikidata.org/entity/Q776015,4306973
http://www.wikidata.org/entity/Q642088,4307005
http://www.wikidata.org/entity/Q174286,4307054
http://www.wikidata.org/entity/Q1756956,4307104
http://www.wikidata.org/entity/Q590650,4307203
http://www.wikidata.org/entity/Q1785508,4307302
http://www.wikidata.org/entity/Q1803126,4307401
http://www.wikidata.org/entity/Q1784225,4307450
http://www.wikidata.org/entity/Q1749871,4307500
http://www.wikidata.org/entity/Q1803196,4307559
http://www.wikidata.org/entity/Q985499,4307609
http://www.wikidata.org/entity/Q958661,4307708
http://www.wikidata.org/entity/Q779064,4307807
http://www.wikidata.org/entity/Q940700,4307815
http://www.wikidata.org/entity/Q1784295,4307831
http://www.wikidata.org/entity/Q1786383,4307864
http://www.wikidata.org/entity/Q535531,4307906
http://www.wikidata.org/entity/Q1758171,4308003
http://www.wikidata.org/entity/Q1758357,4308052
http://www.wikidata.org/entity/Q1758834,4308078
http://www.wikidata.org/entity/Q1750056,4308102
http://www.wikidata.org/entity/Q1757597,4308201
http://www.wikidata.org/entity/Q1786719,4308250
http://www.wikidata.org/entity/Q630520,4308300
http://www.wikidata.org/entity/Q1784334,4308409
http://www.wikidata.org/entity/Q1803240,4308433
http://www.wikidata.org/entity/Q961448,4308458
http://www.wikidata.org/entity/Q375650,4308508
http://www.wikidata.org/entity/Q385465,4308607
http://www.wikidata.org/entity/Q1754446,4308656
http://www.wikidata.org/entity/Q1785519,4308706
http://www.wikidata.org/entity/Q1754588,4308805
http://www.wikidata.org/entity/Q1252673,4308854
http://www.wikidata.org/entity/Q1750452,4308904
http://www.wikidata.org/entity/Q1785990,4309001
http://www.wikidata.org/entity/Q985511,4309050
http://www.wikidata.org/entity/Q694833,4309100
http://www.wikidata.org/entity/Q1786434,4309126
http://www.wikidata.org/entity/Q1758731,4309159
http://www.wikidata.org/entity/Q694822,4309209
http://www.wikidata.org/entity/Q1785836,4309258
http://www.wikidata.org/entity/Q957668,4309308
http://www.wikidata.org/entity/Q1758136,4309407
http://www.wikidata.org/entity/Q1758128,4309506
http://www.wikidata.org/entity/Q1151685,4309555
http://www.wikidata.org/entity/Q1758745,4309571
http://www.wikidata.org/entity/Q785177,4309605
http://www.wikidata.org/entity/Q1750097,4309654
http://www.wikidata.org/entity/Q1008223,4309704
http://www.wikidata.org/entity/Q1785844,4309753
http://www.wikidata.org/entity/Q1784309,4309803
http://www.wikidata.org/entity/Q956087,4309902
http://www.wikidata.org/entity/Q1774765,4309951
http://www.wikidata.org/entity/Q194423,4310009
http://www.wikidata.org/entity/Q926647,4310108
http://www.wikidata.org/entity/Q194374,4310207
http://www.wikidata.org/entity/Q1757392,4310306
http://www.wikidata.org/entity/Q592652,4310330
http://www.wikidata.org/entity/Q736649,4310363
http://www.wikidata.org/entity/Q2077905,4310405
http://www.wikidata.org/entity/Q348258,4310413
http://www.wikidata.org/entity/Q741764,4310439
http://www.wikidata.org/entity/Q1786472,4310462
http://www.wikidata.org/entity/Q1757726,4310504
http://www.wikidata.org/entity/Q1757446,4310538
http://www.wikidata.org/entity/Q1757590,4310553
http://www.wikidata.org/entity/Q1757396,4310579
http://www.wikidata.org/entity/Q1750103,4310603
http://www.wikidata.org/entity/Q1785875,4310652
http://www.wikidata.org/entity/Q1758338,4310702
http://www.wikidata.org/entity/Q1757439,4310751
http://www.wikidata.org/entity/Q983487,4310801
http://www.wikidata.org/entity/Q1758334,4310850
http://www.wikidata.org/entity/Q194286,4310876
http://www.wikidata.org/entity/Q2077978,4310900
http://www.wikidata.org/entity/Q942201,4311007
http://www.wikidata.org/entity/Q634501,4311106
http://www.wikidata.org/entity/Q947648,4311122
http://www.wikidata.org/entity/Q984569,4311130
http://www.wikidata.org/entity/Q194507,4311155
http://www.wikidata.org/entity/Q1754330,4311205
http://www.wikidata.org/entity/Q1785881,4311239
http://www.wikidata.org/entity/Q1774445,4311254
http://www.wikidata.org/entity/Q586905,4311270
http://www.wikidata.org/entity/Q22040124,4311304
http://www.wikidata.org/entity/Q1012550,4311403
http://www.wikidata.org/entity/Q1758290,4311429
http://www.wikidata.org/entity/Q1750149,4311502
http://www.wikidata.org/entity/Q1784434,4311601
http://www.wikidata.org/entity/Q1648535,4311627
http://www.wikidata.org/entity/Q733173,4311643
http://www.wikidata.org/entity/Q1757409,4311700
http://www.wikidata.org/entity/Q1750082,4311718
http://www.wikidata.org/entity/Q1750179,4311734
http://www.wikidata.org/entity/Q1750110,4311759
http://www.wikidata.org/entity/Q983509,4311775
http://www.wikidata.org/entity/Q1750080,4311791
http://www.wikidata.org/entity/Q1784401,4311809
http://www.wikidata.org/entity/Q1757733,4311908
http://www.wikidata.org/entity/Q957142,4311981
http://www.wikidata.org/entity/Q1786003,4312005
http://www.wikidata.org/entity/Q985567,4312054
http://www.wikidata.org/entity/Q960563,4312104
http://www.wikidata.org/entity/Q1784286,4312138
http://www.wikidata.org/entity/Q1758925,4312153
http://www.wikidata.org/entity/Q1785815,4312179
http://www.wikidata.org/entity/Q1757239,4312203
http://www.wikidata.org/entity/Q1750029,4312252
http://www.wikidata.org/entity/Q1786369,4312302
http://www.wikidata.org/entity/Q1757423,4312351
http://www.wikidata.org/entity/Q985495,4312377
http://www.wikidata.org/entity/Q1757428,4312385
http://www.wikidata.org/entity/Q1001470,4312401
http://www.wikidata.org/entity/Q1757400,4312427
http://www.wikidata.org/entity/Q1750064,4312443
http://www.wikidata.org/entity/Q505340,4312450
http://www.wikidata.org/entity/Q749214,4312476
http://www.wikidata.org/entity/Q1754551,4312500
http://www.wikidata.org/entity/Q776428,4312609
http://www.wikidata.org/entity/Q985572,4312617
http://www.wikidata.org/entity/Q1785451,4312625
http://www.wikidata.org/entity/Q600814,4312658
http://www.wikidata.org/entity/Q956006,4312674
http://www.wikidata.org/entity/Q941207,4312708
http://www.wikidata.org/entity/Q1758157,4312757
http://www.wikidata.org/entity/Q1757678,4312807
http://www.wikidata.org/entity/Q985493,4312906
http://www.wikidata.org/entity/Q1758296,4312955
http://www.wikidata.org/entity/Q1758820,4313003
http://www.wikidata.org/entity/Q734270,4313011
http://www.wikidata.org/entity/Q520098,4313037
http://www.wikidata.org/entity/Q984557,4313060
http://www.wikidata.org/entity/Q1750269,4313086
http://www.wikidata.org/entity/Q1758164,4313102
http://www.wikidata.org/entity/Q983710,4313201
http://www.wikidata.org/entity/Q1758146,4313300
http://www.wikidata.org/entity/Q348265,4313334
http://www.wikidata.org/entity/Q1772678,4313359
http://www.wikidata.org/entity/Q985571,4313375
http://www.wikidata.org/entity/Q1758800,4313391
http://www.wikidata.org/entity/Q321331,4313409
http://www.wikidata.org/entity/Q1784419,4313425
http://www.wikidata.org/entity/Q1786019,4313441
http://www.wikidata.org/entity/Q2007711,4313466
http://www.wikidata.org/entity/Q1758121,4313490
http://www.wikidata.org/entity/Q983519,4313508
http://www.wikidata.org/entity/Q1784411,4313607
http://www.wikidata.org/entity/Q1750076,4313656
http://www.wikidata.org/entity/Q1750240,4313706
http://www.wikidata.org/entity/Q653410,4313805
http://www.wikidata.org/entity/Q348206,4313904
http://www.wikidata.org/entity/Q1758814,4313953
http://www.wikidata.org/entity/Q1757405,4314001
http://www.wikidata.org/entity/Q972360,4314027
http://www.wikidata.org/entity/Q936625,4314035
http://www.wikidata.org/entity/Q983702,4314050
http://www.wikidata.org/entity/Q1758907,4314068
http://www.wikidata.org/entity/Q677252,4314076
http://www.wikidata.org/entity/Q525647,4314100
http://www.wikidata.org/entity/Q2007799,4314134
http://www.wikidata.org/entity/Q1758766,4314159
http://www.wikidata.org/entity/Q1785825,4314175
http://www.wikidata.org/entity/Q1749863,4314209
http://www.wikidata.org/entity/Q348237,4314308
http://www.wikidata.org/entity/Q109188,4314407
http://www.wikidata.org/entity/Q958545,4314423
http://www.wikidata.org/entity/Q1785855,4314456
http://www.wikidata.org/entity/Q2007765,4314464
http://www.wikidata.org/entity/Q1757154,4314472
http://www.wikidata.org/entity/Q550186,4314498
http://www.wikidata.org/entity/Q590279,4314506
http://www.wikidata.org/entity/Q10349880,4314548
http://www.wikidata.org/entity/Q596649,4314555
http://www.wikidata.org/entity/Q1638441,4314605
http://www.wikidata.org/entity/Q1950470,4314704
http://www.wikidata.org/entity/Q538120,4314753
http://www.wikidata.org/entity/Q1757433,4314779
http://www.wikidata.org/entity/Q1803155,4314787
http://www.wikidata.org/entity/Q985582,4314803
http://www.wikidata.org/entity/Q40269,4314902
http://www.wikidata.org/entity/Q1784701,4315008
http://www.wikidata.org/entity/Q658425,4315057
http://www.wikidata.org/entity/Q1784253,4315073
http://www.wikidata.org/entity/Q430313,4315107
http://www.wikidata.org/entity/Q1758919,4315131
http://www.wikidata.org/entity/Q224690,4315149
http://www.wikidata.org/entity/Q1803253,4315156
http://www.wikidata.org/entity/Q1757450,4315172
http://www.wikidata.org/entity/Q1757456,4315206
http://www.wikidata.org/entity/Q1637478,4315305
http://www.wikidata.org/entity/Q596343,4315313
http://www.wikidata.org/entity/Q1785797,4315321
http://www.wikidata.org/entity/Q194362,4315354
http://www.wikidata.org/entity/Q1786499,4315404
http://www.wikidata.org/entity/Q1758900,4315453
http://www.wikidata.org/entity/Q1757460,4315503
http://www.wikidata.org/entity/Q1758315,4315552
http://www.wikidata.org/entity/Q869571,4315602
http://www.wikidata.org/entity/Q514256,4315701
http://www.wikidata.org/entity/Q983513,4315750
http://www.wikidata.org/entity/Q785702,4315800
http://www.wikidata.org/entity/Q679055,4315909
http://www.wikidata.org/entity/Q1802196,4315958
http://www.wikidata.org/entity/Q984550,4316006
http://www.wikidata.org/entity/Q949556,4316105
http://www.wikidata.org/entity/Q946941,4316204
http://www.wikidata.org/entity/Q985566,4316303
http://www.wikidata.org/entity/Q266960,4316402
http://www.wikidata.org/entity/Q2007720,4316428
http://www.wikidata.org/entity/Q195200,4316436
http://www.wikidata.org/entity/Q194389,4316451
http://www.wikidata.org/entity/Q1758176,4316477
http://www.wikidata.org/entity/Q519083,4316501
http://www.wikidata.org/entity/Q1110228,4316600
http://www.wikidata.org/entity/Q194357,4316709
http://www.wikidata.org/entity/Q2007657,4316733
http://www.wikidata.org/entity/Q601869,4316758
http://www.wikidata.org/entity/Q781510,4316808
http://www.wikidata.org/entity/Q740833,4316907
http://www.wikidata.org/entity/Q379483,4316956
http://www.wikidata.org/entity/Q730999,4316972
http://www.wikidata.org/entity/Q1749815,4317004
http://www.wikidata.org/entity/Q917693,4317103
http://www.wikidata.org/entity/Q995326,4317202
http://www.wikidata.org/entity/Q1757691,4317251
http://www.wikidata.org/entity/Q984562,4317301
http://www.wikidata.org/entity/Q996716,4317400
http://www.wikidata.org/entity/Q824031,4317509
http://www.wikidata.org/entity/Q1784920,4317558
http://www.wikidata.org/entity/Q984547,4317608
http://www.wikidata.org/entity/Q1784305,4317707
http://www.wikidata.org/entity/Q1749870,4317756
http://www.wikidata.org/entity/Q347700,4317806
http://www.wikidata.org/entity/Q988779,4317905
http://www.wikidata.org/entity/Q1784442,4317954
http://www.wikidata.org/entity/Q385327,4318002
http://www.wikidata.org/entity/Q1785981,4318051
http://www.wikidata.org/entity/Q1750146,4318101
http://www.wikidata.org/entity/Q22035149,4318200
http://www.wikidata.org/entity/Q929890,4318309
http://www.wikidata.org/entity/Q1639741,4318408
http://www.wikidata.org/entity/Q1786488,4318424
http://www.wikidata.org/entity/Q1750271,4318432
http://www.wikidata.org/entity/Q2006981,4318440
http://www.wikidata.org/entity/Q958481,4318457
http://www.wikidata.org/entity/Q1786387,4318465
http://www.wikidata.org/entity/Q179219,4318481
http://www.wikidata.org/entity/Q588156,4318499
http://www.wikidata.org/entity/Q1749857,4318507
http://www.wikidata.org/entity/Q1786428,4318606
http://www.wikidata.org/entity/Q944254,4318614
http://www.wikidata.org/entity/Q984564,4318622
http://www.wikidata.org/entity/Q688275,4318705
http://www.wikidata.org/entity/Q326349,4318804
http://www.wikidata.org/entity/Q647406,4318903
http://www.wikidata.org/entity/Q671925,4319000
http://www.wikidata.org/entity/Q1803249,4319109
http://www.wikidata.org/entity/Q1757137,4319125
http://www.wikidata.org/entity/Q2107884,4319158
http://www.wikidata.org/entity/Q2008008,4319208
http://www.wikidata.org/entity/Q1758286,4319307
http://www.wikidata.org/entity/Q1750059,4319356
http://www.wikidata.org/entity/Q1802212,4319364
http://www.wikidata.org/entity/Q1758141,4319372
http://www.wikidata.org/entity/Q2007743,4319406
http://www.wikidata.org/entity/Q1750236,4319505
http://www.wikidata.org/entity/Q1757144,4319604
http://www.wikidata.org/entity/Q1803245,4319703
http://www.wikidata.org/entity/Q1757583,4319711
http://www.wikidata.org/entity/Q347722,4319737
http://www.wikidata.org/entity/Q680577,4319752
http://www.wikidata.org/entity/Q606638,4319802
http://www.wikidata.org/entity/Q983717,4319901
http://www.wikidata.org/entity/Q942122,4320008
http://www.wikidata.org/entity/Q430538,4320107
http://www.wikidata.org/entity/Q1784912,4320206
http://www.wikidata.org/entity/Q1784935,4320230
http://www.wikidata.org/entity/Q577838,4320263
http://www.wikidata.org/entity/Q1785790,4320305
http://www.wikidata.org/entity/Q533379,4320321
http://www.wikidata.org/entity/Q1750201,4320354
http://www.wikidata.org/entity/Q1757416,4320404
http://www.wikidata.org/entity/Q1758932,4320453
http://www.wikidata.org/entity/Q2077786,4320503
http://www.wikidata.org/entity/Q1750021,4320552
http://www.wikidata.org/entity/Q601766,4320578
http://www.wikidata.org/entity/Q523277,4320602
http://www.wikidata.org/entity/Q1757698,4320651
http://www.wikidata.org/entity/Q523701,4320677
http://www.wikidata.org/entity/Q2008068,4320701
http://www.wikidata.org/entity/Q1785706,4320800
http://www.wikidata.org/entity/Q1758828,4320859
http://www.wikidata.org/entity/Q2045002,4320909
http://www.wikidata.org/entity/Q1749888,4321006
http://www.wikidata.org/entity/Q1785886,4321105
http://www.wikidata.org/entity/Q967715,4321204
http://www.wikidata.org/entity/Q1646949,4321303
http://www.wikidata.org/entity/Q1785461,4321329
http://www.wikidata.org/entity/Q1803256,4321352
http://www.wikidata.org/entity/Q1784447,4321402
http://www.wikidata.org/entity/Q1750218,4321436
http://www.wikidata.org/entity/Q985568,4321451
http://www.wikidata.org/entity/Q617526,4321469
http://www.wikidata.org/entity/Q1803162,4321477
http://www.wikidata.org/entity/Q672721,4321493
http://www.wikidata.org/entity/Q952674,4321501
http://www.wikidata.org/entity/Q187160,4321600
http://www.wikidata.org/entity/Q1785809,4321626
http://www.wikidata.org/entity/Q1785530,4321634
http://www.wikidata.org/entity/Q1750024,4321667
http://www.wikidata.org/entity/Q984552,4321709
http://www.wikidata.org/entity/Q1786482,4321808
http://www.wikidata.org/entity/Q1750233,4321832
http://www.wikidata.org/entity/Q531078,4321857
http://www.wikidata.org/entity/Q728608,4321907
http://www.wikidata.org/entity/Q986519,4321956
http://www.wikidata.org/entity/Q606083,4322004
http://www.wikidata.org/entity/Q1785493,4322103
http://www.wikidata.org/entity/Q1803262,4322152
http://www.wikidata.org/entity/Q1784425,4322186
http://www.wikidata.org/entity/Q1756630,4322202
http://www.wikidata.org/entity/Q744647,4322251
http://www.wikidata.org/entity/Q1784901,4322301
http://www.wikidata.org/entity/Q1749856,4322327
http://www.wikidata.org/entity/Q1774466,4322343
http://www.wikidata.org/entity/Q1754333,4322350
http://www.wikidata.org/entity/Q1754325,4322376
http://www.wikidata.org/entity/Q622823,4322400
http://www.wikidata.org/entity/Q941580,4322509
http://www.wikidata.org/entity/Q594012,4322525
http://www.wikidata.org/entity/Q1758912,4322533
http://www.wikidata.org/entity/Q1758328,4322541
http://www.wikidata.org/entity/Q1788290,4322558
http://www.wikidata.org/entity/Q983517,4322608
http://www.wikidata.org/entity/Q1802230,4322707
http://www.wikidata.org/entity/Q1101945,4322806
http://www.wikidata.org/entity/Q1758738,4322855
http://www.wikidata.org/entity/Q772750,4322905
http://www.wikidata.org/entity/Q732905,4323002
http://www.wikidata.org/entity/Q1758321,4323101
http://www.wikidata.org/entity/Q1185250,4323200
http://www.wikidata.org/entity/Q941364,4323309
http://www.wikidata.org/entity/Q1785542,4323358
http://www.wikidata.org/entity/Q1784456,4323408
http://www.wikidata.org/entity/Q1754351,4323457
http://www.wikidata.org/entity/Q1774451,4323507
http://www.wikidata.org/entity/Q1754318,4323606
http://www.wikidata.org/entity/Q1774460,4323705
http://www.wikidata.org/entity/Q1774423,4323754
http://www.wikidata.org/entity/Q961485,4323770
http://www.wikidata.org/entity/Q546227,4323804
http://www.wikidata.org/entity/Q1796727,5000203
http://www.wikidata.org/entity/Q2012238,5000252
http://www.wikidata.org/entity/Q453479,5000609
http://www.wikidata.org/entity/Q10854988,5000708
http://www.wikidata.org/entity/Q1806340,5000807
http://www.wikidata.org/entity/Q1793031,5000856
http://www.wikidata.org/entity/Q22067430,5000906
http://www.wikidata.org/entity/Q22067429,5001003
http://www.wikidata.org/entity/Q1792157,5001102
http://www.wikidata.org/entity/Q22067428,5001243
http://www.wikidata.org/entity/Q2012476,5001508
http://www.wikidata.org/entity/Q1805582,5001904
http://www.wikidata.org/entity/Q1796657,5002001
http://www.wikidata.org/entity/Q1148023,5002100
http://www.wikidata.org/entity/Q966840,5002159
http://www.wikidata.org/entity/Q768535,5002209
http://www.wikidata.org/entity/Q1805829,5002308
http://www.wikidata.org/entity/Q279492,5002407
http://www.wikidata.org/entity/Q1797146,5002605
http://www.wikidata.org/entity/Q168929,5002704
http://www.wikidata.org/entity/Q2289933,5002803
http://www.wikidata.org/entity/Q1806605,5002902
http://www.wikidata.org/entity/Q1805278,5002951
http://www.wikidata.org/entity/Q2012367,5003108
http://www.wikidata.org/entity/Q1806310,5003157
http://www.wikidata.org/entity/Q271215,5003207
http://www.wikidata.org/entity/Q1024894,5003256
http://www.wikidata.org/entity/Q1793013,5003306
http://www.wikidata.org/entity/Q1805488,5003454
http://www.wikidata.org/entity/Q777024,5003488
http://www.wikidata.org/entity/Q1805588,5003504
http://www.wikidata.org/entity/Q651874,5003702
http://www.wikidata.org/entity/Q2019293,5003751
http://www.wikidata.org/entity/Q597397,5003801
http://www.wikidata.org/entity/Q2289863,5003900
http://www.wikidata.org/entity/Q1806358,5004007
http://www.wikidata.org/entity/Q1793002,5004106
http://www.wikidata.org/entity/Q431778,5004304
http://www.wikidata.org/entity/Q1805505,5004403
http://www.wikidata.org/entity/Q1805496,5004502
http://www.wikidata.org/entity/Q1805021,5004601
http://www.wikidata.org/entity/Q2011871,5004700
http://www.wikidata.org/entity/Q1805419,5004809
http://www.wikidata.org/entity/Q1805001,5004908
http://www.wikidata.org/entity/Q927504,5005004
http://www.wikidata.org/entity/Q971568,5005103
http://www.wikidata.org/entity/Q991137,5005152
http://www.wikidata.org/entity/Q1798712,5005202
http://www.wikidata.org/entity/Q384939,5005251
http://www.wikidata.org/entity/Q1792127,5005400
http://www.wikidata.org/entity/Q519471,5005608
http://www.wikidata.org/entity/Q2289881,5005681
http://www.wikidata.org/entity/Q1793018,5005707
http://www.wikidata.org/entity/Q1805437,5005806
http://www.wikidata.org/entity/Q1806336,5006002
http://www.wikidata.org/entity/Q746291,5006200
http://www.wikidata.org/entity/Q1805007,5006259
http://www.wikidata.org/entity/Q3910285,5006275
http://www.wikidata.org/entity/Q925758,5006309
http://www.wikidata.org/entity/Q522494,5006358
http://www.wikidata.org/entity/Q1804993,5006408
http://www.wikidata.org/entity/Q928094,5006606
http://www.wikidata.org/entity/Q1792999,5006903
http://www.wikidata.org/entity/Q691658,5007109
http://www.wikidata.org/entity/Q1793219,5007208
http://www.wikidata.org/entity/Q2167306,5007307
http://www.wikidata.org/entity/Q1805638,5007406
http://www.wikidata.org/entity/Q2012023,5007505
http://www.wikidata.org/entity/Q1806537,5007554
http://www.wikidata.org/entity/Q1805031,5007695
http://www.wikidata.org/entity/Q1794989,5007703
http://www.wikidata.org/entity/Q1806509,5007802
http://www.wikidata.org/entity/Q1792185,5007901
http://www.wikidata.org/entity/Q2022558,5007935
http://www.wikidata.org/entity/Q1805286,5007950
http://www.wikidata.org/entity/Q2082853,5007976
http://www.wikidata.org/entity/Q22067369,5008008
http://www.wikidata.org/entity/Q22067368,5008305
http://www.wikidata.org/entity/Q1793009,5008404
http://www.wikidata.org/entity/Q507567,5100102
http://www.wikidata.org/entity/Q1988205,5100201
http://www.wikidata.org/entity/Q433574,5100250
http://www.wikidata.org/entity/Q22067364,5100300
http://www.wikidata.org/entity/Q612610,5100359
http://www.wikidata.org/entity/Q443458,5100409
http://www.wikidata.org/entity/Q676719,5100508
http://www.wikidata.org/entity/Q1805426,5100607
http://www.wikidata.org/entity/Q2103560,5100805
http://www.wikidata.org/entity/Q1792161,5101001
http://www.wikidata.org/entity/Q1806527,5101209
http://www.wikidata.org/entity/Q1806505,5101258
http://www.wikidata.org/entity/Q1806305,5101308
http://www.wikidata.org/entity/Q1805412,5101407
http://www.wikidata.org/entity/Q1806364,5101605
http://www.wikidata.org/entity/Q1805676,5101704
http://www.wikidata.org/entity/Q577720,5101803
http://www.wikidata.org/entity/Q123021065,5101837
http://www.wikidata.org/entity/Q2012959,5101852
http://www.wikidata.org/entity/Q1806329,5101902
http://www.wikidata.org/entity/Q986526,5102504
http://www.wikidata.org/entity/Q955067,5102603
http://www.wikidata.org/entity/Q1793164,5102637
http://www.wikidata.org/entity/Q1891475,5102678
http://www.wikidata.org/entity/Q1805540,5102686
http://www.wikidata.org/entity/Q1805653,5102694
http://www.wikidata.org/entity/Q519706,5102702
http://www.wikidata.org/entity/Q1806323,5102793
http://www.wikidata.org/entity/Q749396,5102850
http://www.wikidata.org/entity/Q986247,5103007
http://www.wikidata.org/entity/Q2065373,5103056
http://www.wikidata.org/entity/Q1793037,5103106
http://www.wikidata.org/entity/Q1805608,5103205
http://www.wikidata.org/entity/Q2065396,5103254
http://www.wikidata.org/entity/Q1221976,5103304
http://www.wikidata.org/entity/Q1805601,5103353
http://www.wikidata.org/entity/Q2089624,5103361
http://www.wikidata.org/entity/Q2013031,5103379
http://www.wikidata.org/entity/Q170762,5103403
http://www.wikidata.org/entity/Q2066057,5103437
http://www.wikidata.org/entity/Q1847425,5103452
http://www.wikidata.org/entity/Q1259020,5103502
http://www.wikidata.org/entity/Q528293,5103601
http://www.wikidata.org/entity/Q930196,5103700
http://www.wikidata.org/entity/Q2013037,5103809
http://www.wikidata.org/entity/Q1805569,5103858
http://www.wikidata.org/entity/Q548635,5103908
http://www.wikidata.org/entity/Q2012397,5103957
http://www.wikidata.org/entity/Q2012390,5104104
http://www.wikidata.org/entity/Q2011948,5104203
http://www.wikidata.org/entity/Q781642,5104500
http://www.wikidata.org/entity/Q2089652,5104526
http://www.wikidata.org/entity/Q2089697,5104542
http://www.wikidata.org/entity/Q2012214,5104559
http://www.wikidata.org/entity/Q2020525,5104609
http://www.wikidata.org/entity/Q1805634,5104807
http://www.wikidata.org/entity/Q678587,5104906
http://www.wikidata.org/entity/Q2012195,5105002
http://www.wikidata.org/entity/Q1806599,5105101
http://www.wikidata.org/entity/Q1880608,5105150
http://www.wikidata.org/entity/Q1869664,5105176
http://www.wikidata.org/entity/Q1805629,5105200
http://www.wikidata.org/entity/Q1871942,5105234
http://www.wikidata.org/entity/Q2012618,5105259
http://www.wikidata.org/entity/Q1805614,5105309
http://www.wikidata.org/entity/Q732088,5105507
http://www.wikidata.org/entity/Q2012355,5105580
http://www.wikidata.org/entity/Q2012202,5105606
http://www.wikidata.org/entity/Q2012414,5105622
http://www.wikidata.org/entity/Q1805596,5105903
http://www.wikidata.org/entity/Q1805662,5106000
http://www.wikidata.org/entity/Q2107985,5106109
http://www.wikidata.org/entity/Q515107,5106158
http://www.wikidata.org/entity/Q2012379,5106174
http://www.wikidata.org/entity/Q744302,5106182
http://www.wikidata.org/entity/Q2012034,5106190
http://www.wikidata.org/entity/Q773466,5106208
http://www.wikidata.org/entity/Q1805557,5106216
http://www.wikidata.org/entity/Q263731,5106224
http://www.wikidata.org/entity/Q2103607,5106232
http://www.wikidata.org/entity/Q1806494,5106240
http://www.wikidata.org/entity/Q1806546,5106257
http://www.wikidata.org/entity/Q2095122,5106265
http://www.wikidata.org/entity/Q1806349,5106273
http://www.wikidata.org/entity/Q2011959,5106281
http://www.wikidata.org/entity/Q1805645,5106299
http://www.wikidata.org/entity/Q1805618,5106307
http://www.wikidata.org/entity/Q2107875,5106315
http://www.wikidata.org/entity/Q1857809,5106372
http://www.wikidata.org/entity/Q933251,5106422
http://www.wikidata.org/entity/Q1806584,5106455
http://www.wikidata.org/entity/Q166445,5106505
http://www.wikidata.org/entity/Q1805578,5106653
http://www.wikidata.org/entity/Q1805547,5106703
http://www.wikidata.org/entity/Q2011952,5106752
http://www.wikidata.org/entity/Q1805622,5106778
http://www.wikidata.org/entity/Q928704,5106802
http://www.wikidata.org/entity/Q2012385,5106828
http://www.wikidata.org/entity/Q738627,5106851
http://www.wikidata.org/entity/Q1920318,5107008
http://www.wikidata.org/entity/Q2012361,5107040
http://www.wikidata.org/entity/Q729434,5107065
http://www.wikidata.org/entity/Q2012409,5107107
http://www.wikidata.org/entity/Q938084,5107156
http://www.wikidata.org/entity/Q1805821,5107180
http://www.wikidata.org/entity/Q1806514,5107198
http://www.wikidata.org/entity/Q2099595,5107206
http://www.wikidata.org/entity/Q1805671,5107248
http://www.wikidata.org/entity/Q2012245,5107263
http://www.wikidata.org/entity/Q252242,5107297
http://www.wikidata.org/entity/Q1805405,5107305
http://www.wikidata.org/entity/Q1792165,5107354
http://www.wikidata.org/entity/Q1805550,5107404
http://www.wikidata.org/entity/Q2012042,5107578
http://www.wikidata.org/entity/Q983714,5107602
http://www.wikidata.org/entity/Q2012402,5107701
http://www.wikidata.org/entity/Q2012489,5107743
http://www.wikidata.org/entity/Q2012470,5107750
http://www.wikidata.org/entity/Q2065385,5107768
http://www.wikidata.org/entity/Q2065041,5107776
http://www.wikidata.org/entity/Q1966520,5107792
http://www.wikidata.org/entity/Q962587,5107800
http://www.wikidata.org/entity/Q1835499,5107859
http://www.wikidata.org/entity/Q1805417,5107875
http://www.wikidata.org/entity/Q2065364,5107883
http://www.wikidata.org/entity/Q180192,5107909
http://www.wikidata.org/entity/Q2012374,5107925
http://www.wikidata.org/entity/Q1806591,5107941
http://www.wikidata.org/entity/Q1806373,5107958
http://www.wikidata.org/entity/Q2011944,5108006
http://www.wikidata.org/entity/Q2012207,5108055
http://www.wikidata.org/entity/Q2081481,5108105
http://www.wikidata.org/entity/Q1805562,5108204
http://www.wikidata.org/entity/Q1805536,5108303
http://www.wikidata.org/entity/Q2081565,5108352
http://www.wikidata.org/entity/Q983884,5108402
http://www.wikidata.org/entity/Q2007965,5108501
http://www.wikidata.org/entity/Q22067275,5108600
http://www.wikidata.org/entity/Q1805433,5108808
http://www.wikidata.org/entity/Q665638,5108857
http://www.wikidata.org/entity/Q962134,5108907
http://www.wikidata.org/entity/Q960834,5108956
http://www.wikidata.org/entity/Q304652,5200050
http://www.wikidata.org/entity/Q304716,5200100
http://www.wikidata.org/entity/Q342682,5200134
http://www.wikidata.org/entity/Q986273,5200159
http://www.wikidata.org/entity/Q249738,5200175
http://www.wikidata.org/entity/Q249765,5200209
http://www.wikidata.org/entity/Q249830,5200258
http://www.wikidata.org/entity/Q955680,5200308
http://www.wikidata.org/entity/Q988880,5200506
http://www.wikidata.org/entity/Q443489,5200555
http://www.wikidata.org/entity/Q22060523,5200605
http://www.wikidata.org/entity/Q1795219,5200803
http://www.wikidata.org/entity/Q1793274,5200829
http://www.wikidata.org/entity/Q467478,5200852
http://www.wikidata.org/entity/Q474121,5200902
http://www.wikidata.org/entity/Q223422,5201108
http://www.wikidata.org/entity/Q545263,5201207
http://www.wikidata.org/entity/Q22067260,5201306
http://www.wikidata.org/entity/Q459711,5201405
http://www.wikidata.org/entity/Q1795248,5201454
http://www.wikidata.org/entity/Q22067258,5201504
http://www.wikidata.org/entity/Q626832,5201603
http://www.wikidata.org/entity/Q22067256,5201702
http://www.wikidata.org/entity/Q625067,5201801
http://www.wikidata.org/entity/Q625267,5202155
http://www.wikidata.org/entity/Q642448,5202353
http://www.wikidata.org/entity/Q716209,5202502
http://www.wikidata.org/entity/Q776258,5202601
http://www.wikidata.org/entity/Q790382,5202809
http://www.wikidata.org/entity/Q805016,5203104
http://www.wikidata.org/entity/Q2155729,5203203
http://www.wikidata.org/entity/Q815101,5203302
http://www.wikidata.org/entity/Q16827,5203401
http://www.wikidata.org/entity/Q891725,5203500
http://www.wikidata.org/entity/Q892385,5203559
http://www.wikidata.org/entity/Q1806828,5203575
http://www.wikidata.org/entity/Q903009,5203609
http://www.wikidata.org/entity/Q780494,5203807
http://www.wikidata.org/entity/Q779122,5203906
http://www.wikidata.org/entity/Q988876,5203939
http://www.wikidata.org/entity/Q1805679,5203962
http://www.wikidata.org/entity/Q988807,5204003
http://www.wikidata.org/entity/Q988874,5204102
http://www.wikidata.org/entity/Q732966,5204201
http://www.wikidata.org/entity/Q1008207,5204250
http://www.wikidata.org/entity/Q1052080,5204300
http://www.wikidata.org/entity/Q1761543,5204409
http://www.wikidata.org/entity/Q120708,5204508
http://www.wikidata.org/entity/Q138500,5204557
http://www.wikidata.org/entity/Q986240,5204607
http://www.wikidata.org/entity/Q2365292,5204656
http://www.wikidata.org/entity/Q1806886,5204706
http://www.wikidata.org/entity/Q988803,5204805
http://www.wikidata.org/entity/Q989794,5204854
http://www.wikidata.org/entity/Q991108,5204904
http://www.wikidata.org/entity/Q928117,5204953
http://www.wikidata.org/entity/Q1805778,5205000
http://www.wikidata.org/entity/Q656748,5205059
http://www.wikidata.org/entity/Q35135,5205109
http://www.wikidata.org/entity/Q1008326,5205208
http://www.wikidata.org/entity/Q988763,5205307
http://www.wikidata.org/entity/Q2019995,5205406
http://www.wikidata.org/entity/Q857569,5205455
http://www.wikidata.org/entity/Q935208,5205471
http://www.wikidata.org/entity/Q988896,5205497
http://www.wikidata.org/entity/Q991134,5205513
http://www.wikidata.org/entity/Q1003417,5205521
http://www.wikidata.org/entity/Q985612,5205703
http://www.wikidata.org/entity/Q985975,5205802
http://www.wikidata.org/entity/Q985606,5205901
http://www.wikidata.org/entity/Q1012541,5206206
http://www.wikidata.org/entity/Q1003462,5206305
http://www.wikidata.org/entity/Q177030,5206404
http://www.wikidata.org/entity/Q934443,5206503
http://www.wikidata.org/entity/Q986238,5206602
http://www.wikidata.org/entity/Q1806869,5206701
http://www.wikidata.org/entity/Q986286,5206800
http://www.wikidata.org/entity/Q1008292,5206909
http://www.wikidata.org/entity/Q1004912,5207105
http://www.wikidata.org/entity/Q1793418,5207253
http://www.wikidata.org/entity/Q1793310,5207352
http://www.wikidata.org/entity/Q1794351,5207402
http://www.wikidata.org/entity/Q940568,5207501
http://www.wikidata.org/entity/Q988788,5207535
http://www.wikidata.org/entity/Q986512,5207600
http://www.wikidata.org/entity/Q991093,5207808
http://www.wikidata.org/entity/Q1806815,5207907
http://www.wikidata.org/entity/Q1003392,5208004
http://www.wikidata.org/entity/Q1805729,5208103
http://www.wikidata.org/entity/Q301331,5208152
http://www.wikidata.org/entity/Q986500,5208301
http://www.wikidata.org/entity/Q985611,5208400
http://www.wikidata.org/entity/Q1003443,5208509
http://www.wikidata.org/entity/Q988771,5208608
http://www.wikidata.org/entity/Q83189,5208707
http://www.wikidata.org/entity/Q281011,5208806
http://www.wikidata.org/entity/Q427697,5208905
http://www.wikidata.org/entity/Q1797061,5209101
http://www.wikidata.org/entity/Q1003402,5209150
http://www.wikidata.org/entity/Q986256,5209200
http://www.wikidata.org/entity/Q1806860,5209291
http://www.wikidata.org/entity/Q767830,5209408
http://www.wikidata.org/entity/Q1805800,5209457
http://www.wikidata.org/entity/Q986254,5209606
http://www.wikidata.org/entity/Q988811,5209705
http://www.wikidata.org/entity/Q1793821,5209804
http://www.wikidata.org/entity/Q1806877,5209903
http://www.wikidata.org/entity/Q928499,5209937
http://www.wikidata.org/entity/Q1794347,5209952
http://www.wikidata.org/entity/Q986245,5210000
http://www.wikidata.org/entity/Q985981,5210109
http://www.wikidata.org/entity/Q609451,5210158
http://www.wikidata.org/entity/Q675142,5210208
http://www.wikidata.org/entity/Q985190,5210307
http://www.wikidata.org/entity/Q527149,5210406
http://www.wikidata.org/entity/Q986506,5210562
http://www.wikidata.org/entity/Q986266,5210604
http://www.wikidata.org/entity/Q1008317,5210802
http://www.wikidata.org/entity/Q1806982,5210901
http://www.wikidata.org/entity/Q988783,5211008
http://www.wikidata.org/entity/Q1806805,5211206
http://www.wikidata.org/entity/Q991089,5211305
http://www.wikidata.org/entity/Q986279,5211404
http://www.wikidata.org/entity/Q193350,5211503
http://www.wikidata.org/entity/Q986497,5211602
http://www.wikidata.org/entity/Q1793406,5211701
http://www.wikidata.org/entity/Q1022458,5211800
http://www.wikidata.org/entity/Q963195,5211909
http://www.wikidata.org/entity/Q985968,5212006
http://www.wikidata.org/entity/Q986249,5212055
http://www.wikidata.org/entity/Q301383,5212105
http://www.wikidata.org/entity/Q1008360,5212204
http://www.wikidata.org/entity/Q2099571,5212253
http://www.wikidata.org/entity/Q383756,5212303
http://www.wikidata.org/entity/Q956017,5212501
http://www.wikidata.org/entity/Q988890,5212600
http://www.wikidata.org/entity/Q1805683,5212709
http://www.wikidata.org/entity/Q1806816,5212808
http://www.wikidata.org/entity/Q1806945,5212907
http://www.wikidata.org/entity/Q991105,5212956
http://www.wikidata.org/entity/Q1793262,5213004
http://www.wikidata.org/entity/Q949279,5213053
http://www.wikidata.org/entity/Q1805694,5213087
http://www.wikidata.org/entity/Q1795244,5213103
http://www.wikidata.org/entity/Q986258,5213400
http://www.wikidata.org/entity/Q650174,5213509
http://www.wikidata.org/entity/Q1003396,5213707
http://www.wikidata.org/entity/Q937082,5213756
http://www.wikidata.org/entity/Q2077824,5213772
http://www.wikidata.org/entity/Q1025767,5213806
http://www.wikidata.org/entity/Q1806964,5213855
http://www.wikidata.org/entity/Q1003407,5213905
http://www.wikidata.org/entity/Q1003419,5214002
http://www.wikidata.org/entity/Q1003468,5214051
http://www.wikidata.org/entity/Q1806898,5214101
http://www.wikidata.org/entity/Q988756,5214408
http://www.wikidata.org/entity/Q986284,5214507
http://www.wikidata.org/entity/Q1794378,5214606
http://www.wikidata.org/entity/Q1806847,5214705
http://www.wikidata.org/entity/Q1004916,5214804
http://www.wikidata.org/entity/Q549144,5214838
http://www.wikidata.org/entity/Q1806952,5214861
http://www.wikidata.org/entity/Q1806822,5214879
http://www.wikidata.org/entity/Q1003412,5214903
http://www.wikidata.org/entity/Q1004221,5215009
http://www.wikidata.org/entity/Q985970,5215207
http://www.wikidata.org/entity/Q986754,5215231
http://www.wikidata.org/entity/Q574738,5215256
http://www.wikidata.org/entity/Q519154,5215306
http://www.wikidata.org/entity/Q917314,5215405
http://www.wikidata.org/entity/Q1000437,5215504
http://www.wikidata.org/entity/Q1003435,5215603
http://www.wikidata.org/entity/Q939413,5215652
http://www.wikidata.org/entity/Q985972,5215702
http://www.wikidata.org/entity/Q523566,5215801
http://www.wikidata.org/entity/Q1793286,5215900
http://www.wikidata.org/entity/Q1004891,5216007
http://www.wikidata.org/entity/Q1003452,5216304
http://www.wikidata.org/entity/Q913766,5216403
http://www.wikidata.org/entity/Q1805725,5216452
http://www.wikidata.org/entity/Q991127,5216809
http://www.wikidata.org/entity/Q1805760,5216908
http://www.wikidata.org/entity/Q985960,5217104
http://www.wikidata.org/entity/Q1025769,5217203
http://www.wikidata.org/entity/Q988797,5217302
http://www.wikidata.org/entity/Q987688,5217401
http://www.wikidata.org/entity/Q1004078,5217609
http://www.wikidata.org/entity/Q509804,5217708
http://www.wikidata.org/entity/Q1806864,5218003
http://www.wikidata.org/entity/Q988893,5218052
http://www.wikidata.org/entity/Q1798727,5218102
http://www.wikidata.org/entity/Q2021419,5218300
http://www.wikidata.org/entity/Q1003447,5218391
http://www.wikidata.org/entity/Q986268,5218508
http://www.wikidata.org/entity/Q258992,5218607
http://www.wikidata.org/entity/Q1805819,5218706
http://www.wikidata.org/entity/Q285551,5218789
http://www.wikidata.org/entity/Q942064,5218805
http://www.wikidata.org/entity/Q1793260,5218904
http://www.wikidata.org/entity/Q922031,5219001
http://www.wikidata.org/entity/Q991113,5219100
http://www.wikidata.org/entity/Q988766,5219209
http://www.wikidata.org/entity/Q988792,5219258
http://www.wikidata.org/entity/Q1795206,5219308
http://www.wikidata.org/entity/Q2077884,5219357
http://www.wikidata.org/entity/Q961144,5219407
http://www.wikidata.org/entity/Q1805741,5219456
http://www.wikidata.org/entity/Q657646,5219506
http://www.wikidata.org/entity/Q1806837,5219605
http://www.wikidata.org/entity/Q1806809,5219704
http://www.wikidata.org/entity/Q1805688,5219712
http://www.wikidata.org/entity/Q986282,5219738
http://www.wikidata.org/entity/Q986751,5219753
http://www.wikidata.org/entity/Q1025764,5219803
http://www.wikidata.org/entity/Q775601,5219902
http://www.wikidata.org/entity/Q989515,5220009
http://www.wikidata.org/entity/Q1794344,5220058
http://www.wikidata.org/entity/Q1008345,5220108
http://www.wikidata.org/entity/Q1805766,5220157
http://www.wikidata.org/entity/Q989524,5220207
http://www.wikidata.org/entity/Q988757,5220264
http://www.wikidata.org/entity/Q726966,5220280
http://www.wikidata.org/entity/Q681631,5220405
http://www.wikidata.org/entity/Q985503,5220454
http://www.wikidata.org/entity/Q1805807,5220504
http://www.wikidata.org/entity/Q985489,5220603
http://www.wikidata.org/entity/Q1806958,5220686
http://www.wikidata.org/entity/Q1806986,5220702
http://www.wikidata.org/entity/Q1008236,5221007
http://www.wikidata.org/entity/Q988887,5221080
http://www.wikidata.org/entity/Q986264,5221197
http://www.wikidata.org/entity/Q991098,5221304
http://www.wikidata.org/entity/Q985583,5221403
http://www.wikidata.org/entity/Q1806904,5221452
http://www.wikidata.org/entity/Q988759,5221502
http://www.wikidata.org/entity/Q1795167,5221551
http://www.wikidata.org/entity/Q1008332,5221577
http://www.wikidata.org/entity/Q22067078,5221601
http://www.wikidata.org/entity/Q22067077,5221700
http://www.wikidata.org/entity/Q1003438,5221809
http://www.wikidata.org/entity/Q983480,5221858
http://www.wikidata.org/entity/Q2013671,5221908
http://www.wikidata.org/entity/Q22067073,5222005
http://www.wikidata.org/entity/Q940869,5222054
http://www.wikidata.org/entity/Q1025753,5222203
http://www.wikidata.org/entity/Q989519,5222302
http://www.wikidata.org/entity/Q2844,5300108
